Function	Hardware Event Count:INST_RETIRED.ANY	Hardware Event Count:CPU_CLK_UNHALTED.THREAD	Hardware Event Count:CPU_CLK_UNHALTED.REF_TSC	Hardware Event Count:TOPDOWN.SLOTS	Hardware Event Count:TOPDOWN.BR_MISPREDICT_SLOTS	Hardware Event Count:DECODE.LCP	Hardware Event Count:DSB2MITE_SWITCHES.PENALTY_CYCLES	Hardware Event Count:DTLB_LOAD_MISSES.STLB_HIT:cmask=1	Hardware Event Count:INST_RETIRED.NOP	Hardware Event Count:INST_RETIRED.REP_ITERATION	Hardware Event Count:INST_RETIRED.MACRO_FUSED	Hardware Event Count:CPU_CLK_UNHALTED.DISTRIBUTED	Hardware Event Count:DTLB_LOAD_MISSES.WALK_ACTIVE	Hardware Event Count:DTLB_STORE_MISSES.STLB_HIT:cmask=1	Hardware Event Count:DTLB_STORE_MISSES.WALK_ACTIVE	Hardware Event Count:ICACHE_DATA.STALLS	Hardware Event Count:ARITH.DIVIDER_ACTIVE	Hardware Event Count:ARITH.DIV_ACTIVE	Hardware Event Count:ASSISTS.ANY	Hardware Event Count:BR_INST_RETIRED.ALL_BRANCHES	Hardware Event Count:ICACHE_TAG.STALLS	Hardware Event Count:L1D_PEND_MISS.FB_FULL	Hardware Event Count:L1D_PEND_MISS.L2_STALLS	Hardware Event Count:L1D_PEND_MISS.PENDING	Hardware Event Count:BR_INST_RETIRED.NEAR_CALL	Hardware Event Count:BR_MISP_RETIRED.ALL_BRANCHES	Hardware Event Count:CPU_CLK_UNHALTED.C02	Hardware Event Count:CPU_CLK_UNHALTED.THREAD_P	Hardware Event Count:L2_RQSTS.ALL_RFO	Hardware Event Count:L2_RQSTS.RFO_HIT	Hardware Event Count:LD_BLOCKS.NO_SR	Hardware Event Count:LD_BLOCKS.STORE_FORWARD	Hardware Event Count:CYCLE_ACTIVITY.CYCLES_MEM_ANY	Hardware Event Count:CYCLE_ACTIVITY.STALLS_TOTAL	Hardware Event Count:EXE.AMX_BUSY	Hardware Event Count:EXE_ACTIVITY.1_PORTS_UTIL	Hardware Event Count:MEMORY_ACTIVITY.CYCLES_L1D_MISS	Hardware Event Count:MEMORY_ACTIVITY.STALLS_L1D_MISS	Hardware Event Count:MEMORY_ACTIVITY.STALLS_L2_MISS	Hardware Event Count:MEMORY_ACTIVITY.STALLS_L3_MISS	Hardware Event Count:EXE_ACTIVITY.2_PORTS_UTIL	Hardware Event Count:EXE_ACTIVITY.2_PORTS_UTIL:umask=0xc	Hardware Event Count:EXE_ACTIVITY.BOUND_ON_LOADS	Hardware Event Count:EXE_ACTIVITY.BOUND_ON_STORES	Hardware Event Count:MEM_INST_RETIRED.ALL_LOADS	Hardware Event Count:MEM_INST_RETIRED.ALL_STORES	Hardware Event Count:MEM_INST_RETIRED.LOCK_LOADS	Hardware Event Count:MEM_INST_RETIRED.SPLIT_LOADS	Hardware Event Count:EXE_ACTIVITY.EXE_BOUND_0_PORTS	Hardware Event Count:FRONTEND_RETIRED.DSB_MISS	Hardware Event Count:MEM_INST_RETIRED.SPLIT_STORES	Hardware Event Count:MEM_INST_RETIRED.STLB_MISS_LOADS	Hardware Event Count:MEM_INST_RETIRED.STLB_MISS_STORES	Hardware Event Count:MEM_LOAD_COMPLETED.L1_MISS_ANY	Hardware Event Count:FRONTEND_RETIRED.L2_MISS	Hardware Event Count:MEM_LOAD_L3_HIT_RETIRED.XSNP_FWD	Hardware Event Count:MEM_LOAD_L3_HIT_RETIRED.XSNP_MISS	Hardware Event Count:MEM_LOAD_L3_HIT_RETIRED.XSNP_NO_FWD	Hardware Event Count:MEM_LOAD_L3_MISS_RETIRED.LOCAL_DRAM	Hardware Event Count:FRONTEND_RETIRED.LATENCY_GE_16	Hardware Event Count:MEM_LOAD_L3_MISS_RETIRED.REMOTE_DRAM	Hardware Event Count:MEM_LOAD_L3_MISS_RETIRED.REMOTE_FWD	Hardware Event Count:MEM_LOAD_L3_MISS_RETIRED.REMOTE_HITM	Hardware Event Count:MEM_LOAD_RETIRED.FB_HIT	Hardware Event Count:FRONTEND_RETIRED.LATENCY_GE_4	Hardware Event Count:MEM_LOAD_RETIRED.L1_HIT	Hardware Event Count:MEM_LOAD_RETIRED.L1_MISS	Hardware Event Count:MEM_LOAD_RETIRED.L2_HIT	Hardware Event Count:MEM_LOAD_RETIRED.L3_HIT	Hardware Event Count:FRONTEND_RETIRED.MS_FLOWS	Hardware Event Count:MEM_LOAD_RETIRED.L3_MISS	Hardware Event Count:MEM_STORE_RETIRED.L2_HIT	Hardware Event Count:OFFCORE_REQUESTS_OUTSTANDING.ALL_DATA_RD:cmask=4	Hardware Event Count:OFFCORE_REQUESTS_OUTSTANDING.CYCLES_WITH_DATA_RD	Hardware Event Count:FRONTEND_RETIRED.STLB_MISS	Hardware Event Count:OFFCORE_REQUESTS_OUTSTANDING.CYCLES_WITH_DEMAND_RFO	Hardware Event Count:XQ.FULL_CYCLES	Hardware Event Count:IDQ.DSB_CYCLES_ANY	Hardware Event Count:IDQ.DSB_CYCLES_OK	Hardware Event Count:FRONTEND_RETIRED.UNKNOWN_BRANCH	Hardware Event Count:IDQ_BUBBLES.CORE	Hardware Event Count:IDQ_BUBBLES.CYCLES_0_UOPS_DELIV.CORE	Hardware Event Count:INT_MISC.CLEARS_COUNT	Hardware Event Count:IDQ.DSB_UOPS	Hardware Event Count:IDQ.MITE_CYCLES_ANY	Hardware Event Count:IDQ.MITE_CYCLES_OK	Hardware Event Count:INST_DECODED.DECODERS:cmask=1	Hardware Event Count:INT_MISC.CLEAR_RESTEER_CYCLES	Hardware Event Count:INT_MISC.UNKNOWN_BRANCH_CYCLES	Hardware Event Count:INT_MISC.UOP_DROPPING	Hardware Event Count:MACHINE_CLEARS.COUNT	Hardware Event Count:INST_DECODED.DECODERS:cmask=2	Hardware Event Count:OCR.DEMAND_RFO.L3_HIT.SNOOP_HITM	Hardware Event Count:OCR.DEMAND_DATA_RD.L3_HIT.SNOOP_HIT_WITH_FWD	Hardware Event Count:MACHINE_CLEARS.MEMORY_ORDERING	Hardware Event Count:RESOURCE_STALLS.SCOREBOARD	Hardware Event Count:RS.EMPTY:umask=1	Hardware Event Count:TOPDOWN.BACKEND_BOUND_SLOTS	Hardware Event Count:TOPDOWN.MEMORY_BOUND_SLOTS	Hardware Event Count:OCR.STREAMING_WR.ANY_RESPONSE	Hardware Event Count:OCR.DEMAND_DATA_RD.L3_HIT.SNOOP_HITM	Hardware Event Count:UOPS_EXECUTED.CYCLES_GE_3	Hardware Event Count:UOPS_ISSUED.ANY	Hardware Event Count:UOPS_RETIRED.HEAVY	Hardware Event Count:UOPS_RETIRED.MS	Hardware Event Count:UOPS_RETIRED.MS:cmask=1	Hardware Event Count:UOPS_RETIRED.MS:cmask=1:e=yes	Hardware Event Count:UOPS_RETIRED.SLOTS	Hardware Event Count:FRONTEND_RETIRED.ANY_DSB_MISS	Hardware Event Count:FRONTEND_RETIRED.LATENCY_GE_2_BUBBLES_GE_1	Hardware Event Count:INT_MISC.MBA_STALLS	Hardware Event Count:ASSISTS.SSE_AVX_MIX	Hardware Event Count:CPU_CLK_UNHALTED.C01	Hardware Event Count:CPU_CLK_UNHALTED.PAUSE	Hardware Event Count:CPU_CLK_UNHALTED.PAUSE_INST	Hardware Event Count:FP_ARITH_INST_RETIRED.SCALAR	Hardware Event Count:FP_ARITH_INST_RETIRED.VECTOR	Hardware Event Count:FP_ARITH_INST_RETIRED2.SCALAR	Hardware Event Count:FP_ARITH_INST_RETIRED2.VECTOR	Hardware Event Count:MISC2_RETIRED.LFENCE	Hardware Event Count:UOPS_DISPATCHED.PORT_0	Hardware Event Count:UOPS_DISPATCHED.PORT_1	Hardware Event Count:UOPS_DISPATCHED.PORT_2_3_10	Hardware Event Count:UOPS_DISPATCHED.PORT_4_9	Hardware Event Count:UOPS_DISPATCHED.PORT_5_11	Hardware Event Count:UOPS_DISPATCHED.PORT_6	Hardware Event Count:UOPS_DISPATCHED.PORT_7_8	Hardware Event Count:UOPS_EXECUTED.THREAD	Hardware Event Count:UOPS_EXECUTED.X87	Hardware Event Count:ASSISTS.FP	Hardware Event Count:ASSISTS.PAGE_FAULT	Hardware Event Count:FP_ARITH_INST_RETIRED.128B_PACKED_DOUBLE	Hardware Event Count:FP_ARITH_INST_RETIRED.128B_PACKED_SINGLE	Hardware Event Count:FP_ARITH_INST_RETIRED.256B_PACKED_DOUBLE	Hardware Event Count:FP_ARITH_INST_RETIRED.256B_PACKED_SINGLE	Hardware Event Count:FP_ARITH_INST_RETIRED.512B_PACKED_DOUBLE	Hardware Event Count:FP_ARITH_INST_RETIRED.512B_PACKED_SINGLE	Hardware Event Count:FP_ARITH_INST_RETIRED2.128B_PACKED_HALF	Hardware Event Count:FP_ARITH_INST_RETIRED2.256B_PACKED_HALF	Hardware Event Count:FP_ARITH_INST_RETIRED2.512B_PACKED_HALF	Hardware Event Count:INT_VEC_RETIRED.ADD_128	Hardware Event Count:INT_VEC_RETIRED.ADD_256	Hardware Event Count:INT_VEC_RETIRED.MUL_256	Hardware Event Count:INT_VEC_RETIRED.SHUFFLES	Hardware Event Count:INT_VEC_RETIRED.VNNI_128	Hardware Event Count:INT_VEC_RETIRED.VNNI_256	Hardware Event Count:MEM_UOP_RETIRED.ANY	Hardware Event Count:FP_ARITH_INST_RETIRED.SCALAR_SINGLE	Hardware Event Count:FP_ARITH_INST_RETIRED.SCALAR_DOUBLE	Hardware Event Count:FP_ARITH_INST_RETIRED2.SCALAR_HALF	Module	Function (Full)	Source File	Start Address
fill_holes_mp_fill_holes_vertical_	15487500000	5218500000	976500000	9500003040	1221405843	0	207645140	0	0	0	2442814560	3847427175	0	0	0	122142742	1099268199	732845466	0	1758863412	0	0	0	122140911	0	0	0	6107036400	0	48856950	36643260	24428840	4397072796	488563644	0	244281456	0	0	0	0	488562912	0	0	0	2931381864	366422733	0	12214420	0	24429818	12214420	0	0	0	0	0	0	0	0	0	0	0	0	12214909	0	3175663686	0	0	0	48859636	0	0	0	0	0	0	0	1709970192	1709970192	0	5007777351	0	0	12458354256	1221407280	488562912	244281456	61071371	0	0	0	244281456	0	0	0	0	0	3664217529	0	0	0	3419940384	20519642304	3664221840	977125824	0	0	16855420464	109934181	134363999	0	0	0	0	0	977127288	610704555	0	0	0	1954251648	1709970192	4885629120	488562912	5374192032	4152784752	488562912	18565390656	0	0	0	0	0	732844368	0	0	0	0	0	0	0	0	0	0	0	0	4519213707	0	732844368	0	clubb_standalone	fill_holes_mp_fill_holes_vertical_	[Unknown]	0x663db0
grid_class_mp_zt2zm_gpu_	11749500000	2751000000	504000000	4650001488	0	0	122144200	0	0	0	244281456	2564951450	0	0	0	0	0	0	0	146571951	0	0	0	488563644	0	0	0	2442814560	0	73285425	0	0	3175663686	122140911	0	0	244281822	0	0	0	488562912	0	0	0	2809240953	1221409110	0	329789340	0	48859636	122144200	0	0	0	0	0	0	0	0	0	0	0	0	36644727	0	2198536398	0	24428475	0	0	0	0	0	0	0	0	0	732844368	977125824	0	732845466	0	0	3419940384	1221407280	732844368	0	0	0	0	0	0	0	0	0	0	0	3664217529	0	0	0	3908503296	12214072800	1221407280	0	0	0	10992665520	207653453	0	0	0	0	0	0	0	1465690932	0	0	0	2198533104	2687096016	3175658928	1221407280	1954251648	977125824	977125824	13435480080	0	0	0	0	0	1954251648	0	0	0	0	0	0	0	0	0	0	0	0	5007777351	0	0	0	clubb_standalone	grid_class_mp_zt2zm_gpu_	[Unknown]	0x7fd770
mono_flux_limiter_mp_monotonic_turbulent_flux_limit_	11476500000	3045000000	714000000	5100001632	0	0	85500940	0	0	0	488562912	3077941740	0	0	0	61071371	610704555	488563644	0	1661148778	0	0	0	366422733	0	0	0	2931377472	97713900	122142375	0	61072100	2931381864	366422733	0	977125824	0	0	0	0	732844368	0	0	0	3542086419	1709972754	0	109929780	0	48859636	48857680	0	0	0	0	0	0	0	0	0	0	0	0	0	0	3542086419	48856950	48856950	0	0	0	24428475	0	122140911	0	0	0	1709970192	732844368	0	2198536398	488563644	0	7084162224	0	0	0	61071371	0	0	0	0	0	0	0	12214420	0	4885623372	2442811686	0	0	977125824	10992665520	488562912	0	0	0	12214072800	61074545	61074545	0	0	0	0	0	1343550021	366422733	0	0	0	1465688736	488562912	2198533104	977125824	2687096016	1221407280	1221407280	12214072800	0	0	0	0	0	244281456	0	0	0	0	0	0	0	0	0	0	0	0	3786368241	0	1221407280	0	clubb_standalone	mono_flux_limiter_mp_monotonic_turbulent_flux_limit_	[Unknown]	0x819780
mixing_length_mp_compute_mixing_length_	10164000000	3906000000	273000000	3100000992	1221405843	0	48857680	0	0	0	0	2564951450	0	0	0	0	1221409110	1465690932	0	537430487	0	0	0	122140911	73289454	0	0	1709970192	48856950	48856950	0	0	3542086419	0	0	244281456	488563644	0	0	0	488562912	0	244281456	244281822	3908509152	854986377	0	36643260	0	36644727	12214420	0	0	122140911	0	0	0	0	0	0	0	0	0	36644727	12214909	3664227330	73285425	0	0	12214909	0	24428475	0	0	0	0	0	1465688736	977125824	0	2564959131	244281822	0	11236946976	732844368	0	0	0	0	0	0	244281456	0	0	0	12214420	0	7328435058	2442811686	0	0	1709970192	13435480080	488562912	0	0	0	13435480080	48859636	12214909	0	0	0	0	0	4152790974	732845466	0	0	0	1709970192	732844368	5618473488	1221407280	2442814560	488562912	977125824	11236946976	0	0	0	0	0	488562912	0	0	0	0	0	0	0	244281822	0	0	0	0	4519213707	0	4641347664	0	clubb_standalone	mixing_length_mp_compute_mixing_length_	[Unknown]	0x809cf0
grid_class_mp_zm2zt_gpu_	9208500000	1900500000	483000000	3650001168	0	0	85500940	0	0	0	0	3077941740	0	0	0	0	0	0	0	293143902	0	0	0	366422733	0	0	0	2687096016	0	73285425	12214420	0	2076395487	122140911	0	244281456	0	0	0	0	488562912	0	244281456	0	2809240953	610704555	0	317574920	0	61074545	85500940	0	0	0	0	0	0	0	0	0	0	0	0	36644727	0	2320677309	0	48856950	0	0	0	0	0	122140911	0	0	0	1465688736	732844368	0	1343550021	0	0	5374192032	977125824	244281456	0	0	0	0	0	0	0	0	0	0	0	3664217529	0	0	0	2442814560	9526976784	244281456	0	0	0	6351317856	134363999	0	0	0	0	0	0	0	1709972754	0	0	0	732844368	977125824	2442814560	2198533104	1954251648	1465688736	1709970192	10504102608	0	0	0	0	0	1221407280	0	0	0	0	0	0	0	0	0	0	0	0	3419945508	0	0	0	clubb_standalone	grid_class_mp_zm2zt_gpu_	[Unknown]	0x8021a0
advance_clubb_core_module_mp_advance_clubb_core_	8326500000	2940000000	651000000	5450001744	0	0	293146080	12214420	0	0	977125824	1538970870	0	12214420	0	183214113	854986377	488563644	0	1319147559	0	0	0	244281822	12214909	0	0	3175658928	73285425	219856275	0	0	2809240953	488563644	0	732844368	244281822	0	0	0	244281456	0	488562912	122140911	2198536398	977127288	0	0	0	109934181	0	0	0	122140911	0	0	0	0	0	0	0	0	0	12214909	36644727	1099268199	0	0	0	0	0	24428475	0	122140911	0	122140911	0	732844368	244281456	0	6351327372	732845466	0	4152784752	488562912	244281456	0	0	0	0	0	244281456	0	0	0	0	0	1221405843	1221405843	0	0	1221407280	9771258240	0	0	0	0	6107036400	207653453	73289454	0	0	0	0	0	854986377	0	0	0	0	488562912	732844368	1709970192	488562912	2442814560	244281456	732844368	7328443680	0	0	0	0	0	0	0	0	0	0	0	0	0	0	0	0	0	0	1832113665	0	488562912	0	clubb_standalone	advance_clubb_core_module_mp_advance_clubb_core_	[Unknown]	0x5bec80
advance_clubb_core_module_mp_pdf_closure_driver_	7224000000	2236500000	420000000	4600001472	0	0	232073980	0	0	0	1709970192	1795466015	0	12214420	0	183214113	366422733	0	0	1856578046	0	0	0	0	0	0	0	1709970192	122142375	73285425	0	0	1587831843	244281822	0	977125824	122140911	0	0	0	0	0	0	122140911	1709972754	1343550021	0	0	0	97719272	12214420	0	0	0	0	0	0	0	0	0	0	0	0	0	12214909	1099268199	0	0	0	0	0	122142375	0	122140911	0	0	0	488562912	0	0	5984904639	854986377	0	6107036400	488562912	0	0	122142742	0	0	0	0	0	0	0	0	0	1221405843	0	0	0	977125824	4397066208	0	0	0	0	6595599312	97719272	73289454	0	0	0	0	0	0	0	0	0	0	0	488562912	977125824	1465688736	732844368	732844368	977125824	5618473488	0	0	0	0	0	0	0	0	0	0	0	0	0	0	0	0	0	0	2320677309	0	244281456	0	clubb_standalone	advance_clubb_core_module_mp_pdf_closure_driver_	[Unknown]	0x5e6170
clip_explicit_mp_clip_covar_	5460000000	1606500000	210000000	3100000992	0	0	61072100	0	0	0	0	1538970870	0	12214420	0	61071371	1343550021	1465690932	0	1563434144	0	0	0	0	0	0	0	2442814560	24428475	48856950	0	0	2442818220	0	0	488562912	0	0	0	0	244281456	0	0	0	488563644	122140911	0	0	0	0	0	0	0	0	0	0	0	0	0	0	0	0	0	24429818	0	488563644	0	0	0	0	0	0	0	122140911	0	0	0	732844368	244281456	0	977127288	0	0	6595599312	0	244281456	0	0	0	0	0	0	0	0	0	0	0	6107029215	0	0	0	1221407280	5374192032	488562912	0	0	0	6107036400	24429818	36644727	0	0	0	0	0	732845466	0	0	0	0	732844368	488562912	732844368	732844368	1954251648	1221407280	0	5374192032	0	0	0	0	0	0	0	0	0	0	0	0	0	0	0	0	0	0	610704555	0	1221407280	0	clubb_standalone	clip_explicit_mp_clip_covar_	[Unknown]	0x7488a0
adg1_adg2_3d_luhar_pdf_mp_adg1_adg2_responder_params_	5082000000	1281000000	199500000	1800000576	0	0	12214420	0	0	0	0	1025980580	0	0	0	0	366422733	366422733	0	390858536	0	0	0	0	0	0	0	1465688736	97713900	0	0	0	1099268199	0	0	0	0	0	0	0	0	0	244281456	122140911	1587831843	854986377	0	0	0	0	0	0	0	0	0	0	0	0	0	0	0	0	0	0	0	610704555	0	24428475	0	0	0	0	0	0	0	0	0	977125824	0	0	122140911	0	0	4152784752	0	244281456	0	0	0	0	0	0	0	0	0	0	0	1221405843	0	0	0	977125824	4152784752	244281456	0	0	0	4152784752	12214909	12214909	0	0	0	0	0	1221409110	0	0	0	0	0	977125824	977125824	488562912	244281456	488562912	488562912	7084162224	0	0	0	0	0	0	0	0	0	0	0	0	0	0	0	0	0	0	1587831843	0	732844368	0	clubb_standalone	adg1_adg2_3d_luhar_pdf_mp_adg1_adg2_responder_params_	[Unknown]	0x66f300
pdf_closure_module_mp_pdf_closure_	4966500000	1911000000	294000000	2700000864	0	0	61072100	12214420	0	0	0	1795466015	0	12214420	0	122142742	122140911	366422733	0	635145121	0	0	0	366422733	12214909	0	0	1709970192	122142375	122142375	24428840	0	1343550021	244281822	0	244281456	122140911	0	0	0	0	0	0	488563644	1343550021	488563644	0	61072100	0	36644727	12214420	0	0	0	0	0	0	0	0	0	0	0	0	24429818	0	610704555	48856950	24428475	0	0	0	48856950	0	0	0	0	0	244281456	244281456	0	977127288	488563644	0	5618473488	0	0	0	0	0	0	0	0	0	0	0	0	0	4885623372	2442811686	0	0	977125824	5374192032	244281456	0	0	0	7572725136	36644727	12214909	0	0	0	0	0	244281822	122140911	0	0	0	732844368	0	977125824	244281456	1465688736	977125824	977125824	6107036400	0	0	0	0	0	488562912	0	0	0	0	0	0	0	0	0	0	0	0	1954254576	0	0	0	clubb_standalone	pdf_closure_module_mp_pdf_closure_	[Unknown]	0x6097b0
advance_xm_wpxp_module_mp_xm_wpxp_rhs_	4683000000	1470000000	189000000	2800000896	0	0	85500940	12214420	0	0	0	2821446595	0	0	0	0	488563644	732845466	0	781717072	0	0	0	244281822	0	0	0	1221407280	73285425	24428475	0	0	1099268199	122140911	0	0	244281822	0	0	0	244281456	0	244281456	0	2809240953	244281822	0	0	0	24429818	0	0	0	0	0	0	0	0	0	0	0	0	0	73289454	0	2442818220	24428475	48856950	0	0	0	24428475	0	0	0	0	0	244281456	0	0	1832113665	0	0	4641347664	0	0	244281456	0	0	0	0	0	0	0	0	0	0	1221405843	0	0	0	977125824	5618473488	977125824	0	0	0	6351317856	61074545	61074545	0	0	0	0	0	1099268199	0	0	0	0	488562912	1221407280	2687096016	732844368	1221407280	0	977125824	5129910576	0	0	0	0	0	0	0	0	0	0	0	0	0	0	0	0	0	0	3419945508	0	732844368	0	clubb_standalone	advance_xm_wpxp_module_mp_xm_wpxp_rhs_	[Unknown]	0x7270f0
advance_wp2_wp3_module_mp_advance_wp2_wp3_	4105500000	1260000000	231000000	2050000656	0	0	158787460	0	0	0	244281456	1025980580	0	0	0	0	366422733	122140911	0	684002438	0	0	0	122140911	0	0	0	977125824	73285425	97713900	0	24428840	1221409110	122140911	0	244281456	122140911	122140911	0	0	0	0	0	0	732845466	610704555	0	36643260	0	24429818	12214420	0	0	122140911	0	0	0	0	0	0	0	0	0	0	0	488563644	24428475	0	0	0	0	0	0	0	0	0	0	244281456	0	0	3175663686	244281822	0	2442814560	732844368	244281456	0	0	0	0	0	0	0	0	0	0	0	1221405843	0	0	0	1221407280	4641347664	732844368	0	0	0	4397066208	73289454	0	0	0	0	0	0	0	0	0	0	0	977125824	244281456	732844368	244281456	488562912	1465688736	0	4397066208	0	0	0	0	0	0	0	0	0	0	0	0	0	0	0	0	0	0	1099268199	0	244281456	0	clubb_standalone	advance_wp2_wp3_module_mp_advance_wp2_wp3_	[Unknown]	0x6a54a0
saturation_mp_sat_mixrat_liq_2d_	3948000000	840000000	168000000	1500000480	0	0	12214420	0	0	0	0	769485435	0	0	0	0	488563644	732845466	0	586287804	0	0	0	0	0	0	0	244281456	48856950	0	0	0	1587831843	0	0	0	0	122140911	0	0	0	0	0	0	122140911	244281822	0	12214420	0	0	36643260	0	0	0	0	0	0	0	0	0	0	0	0	12214909	0	244281822	0	0	0	0	0	0	0	0	0	0	0	0	244281456	0	732845466	0	0	2198533104	0	0	0	0	0	0	0	0	0	0	0	0	0	0	0	0	0	244281456	2442814560	0	0	0	0	4152784752	12214909	24429818	0	0	0	0	0	366422733	122140911	0	0	0	0	488562912	732844368	488562912	244281456	244281456	0	3175658928	0	0	0	0	0	244281456	0	0	0	0	0	0	0	0	0	0	0	0	854986377	0	244281456	0	clubb_standalone	saturation_mp_sat_mixrat_liq_2d_	[Unknown]	0x6275c0
advance_xp2_xpyp_module_mp_xp2_xpyp_rhs_	3843000000	976500000	168000000	1350000432	0	0	48857680	0	0	0	0	1025980580	0	12214420	0	61071371	0	0	0	293143902	0	0	0	0	0	0	0	1465688736	24428475	0	0	0	244281822	0	0	0	244281822	0	0	0	0	0	0	0	1587831843	488563644	0	97715360	0	0	0	0	0	0	0	0	0	0	0	0	0	0	0	12214909	0	610704555	0	24428475	0	0	0	0	0	0	0	0	0	977125824	0	0	610704555	0	0	3419940384	0	488562912	0	0	0	0	0	0	0	0	0	0	0	1221405843	1221405843	0	0	488562912	3908503296	244281456	0	0	0	3175658928	73289454	24429818	0	0	0	0	0	244281822	122140911	0	0	0	488562912	488562912	977125824	977125824	1221407280	732844368	244281456	6595599312	0	0	0	0	0	977125824	0	0	0	0	0	0	0	0	0	0	0	0	1221409110	0	0	0	clubb_standalone	advance_xp2_xpyp_module_mp_xp2_xpyp_rhs_	[Unknown]	0x7bc680
skx_module_mp_skx_func_	3801000000	2667000000	441000000	5200001664	0	0	36643260	0	0	0	0	3847427175	0	0	0	0	3419945508	2931381864	0	195429268	0	0	0	122140911	0	0	0	2198533104	0	73285425	0	0	2809240953	977127288	0	244281456	122140911	0	0	0	488562912	0	244281456	0	977127288	610704555	0	0	0	0	0	0	0	0	0	0	0	0	0	0	0	0	0	0	0	2198536398	0	0	0	0	0	0	0	0	0	0	0	0	732844368	0	854986377	0	0	3419940384	0	0	0	0	0	0	0	0	0	0	0	0	0	9771246744	4885623372	0	0	732844368	5129910576	732844368	0	0	0	3664221840	73289454	0	0	0	0	0	0	977127288	0	0	0	0	1465688736	0	977125824	732844368	488562912	488562912	488562912	6107036400	0	0	0	0	0	0	0	0	0	0	0	0	0	0	0	0	0	0	2076395487	0	488562912	0	clubb_standalone	skx_module_mp_skx_func_	[Unknown]	0x6013a0
pdf_closure_module_mp_calc_xprcp_component_	3654000000	703500000	63000000	1400000448	0	0	12214420	0	0	0	0	1282475725	0	0	0	0	0	244281822	0	48857317	0	0	0	610704555	0	0	0	1465688736	24428475	24428475	61072100	0	732845466	122140911	0	0	244281822	0	0	0	0	0	244281456	0	1221409110	732845466	0	122144200	0	12214909	48857680	0	0	0	0	0	0	0	0	0	0	0	0	0	0	610704555	24428475	24428475	0	0	0	24428475	0	0	0	0	0	0	244281456	0	0	0	0	2198533104	0	0	0	0	0	0	0	0	0	0	0	0	0	0	0	0	0	244281456	1954251648	0	0	0	0	4641347664	0	12214909	0	0	0	0	0	0	244281822	0	0	0	244281456	244281456	1709970192	244281456	732844368	488562912	488562912	4152784752	0	0	0	0	0	244281456	0	0	0	0	0	0	0	0	0	0	0	0	1587831843	0	0	0	clubb_standalone	pdf_closure_module_mp_calc_xprcp_component_	[Unknown]	0x6255c0
penta_lu_solvers_mp_penta_lu_solve_multiple_rhs_lhs_	3612000000	1512000000	199500000	2700000864	0	0	24428840	0	0	0	0	1025980580	0	0	0	0	244281822	366422733	0	97714634	0	0	0	488563644	0	0	0	2931377472	0	0	0	73286520	1954254576	244281822	0	244281456	244281822	0	0	0	0	0	244281456	122140911	977127288	854986377	0	85500940	122140911	12214909	36643260	0	0	0	0	0	0	0	0	0	0	0	0	48859636	0	488563644	24428475	24428475	0	0	0	0	0	0	0	0	0	0	244281456	0	122140911	0	0	2442814560	244281456	488562912	0	0	0	0	0	0	0	0	0	0	0	6107029215	2442811686	0	0	1709970192	4397066208	488562912	0	0	0	2687096016	24429818	12214909	0	0	0	0	0	488563644	122140911	0	0	0	488562912	488562912	1709970192	977125824	1465688736	732844368	1709970192	7328443680	0	0	0	0	0	244281456	0	0	0	0	0	0	0	0	0	0	0	0	2809240953	0	977125824	0	clubb_standalone	penta_lu_solvers_mp_penta_lu_solve_multiple_rhs_lhs_	[Unknown]	0x779d80
grid_class_mp_gradzt_2d_	3601500000	756000000	199500000	1300000416	0	0	24428840	0	0	0	0	1025980580	0	0	0	0	0	122140911	0	97714634	0	0	0	122140911	0	0	0	732844368	73285425	24428475	0	0	854986377	122140911	0	0	0	0	0	0	0	0	0	0	1221409110	122140911	0	73286520	0	0	97715360	0	0	0	0	0	0	0	0	0	0	0	0	0	0	1099268199	0	0	0	0	0	24428475	0	0	0	0	0	0	0	0	366422733	0	0	1465688736	488562912	244281456	0	0	0	0	0	0	0	0	0	0	0	0	0	0	0	488562912	3908503296	0	0	0	0	5618473488	36644727	0	0	0	0	0	0	244281822	122140911	0	0	0	732844368	1465688736	488562912	244281456	488562912	488562912	244281456	4152784752	0	0	0	0	0	488562912	0	0	0	0	0	0	0	0	0	0	0	0	2076395487	0	0	0	clubb_standalone	grid_class_mp_gradzt_2d_	[Unknown]	0x804890
advance_xp2_xpyp_module_mp_calc_xp2_xpyp_ta_terms_	3381000000	1207500000	231000000	1750000560	0	0	36643260	0	0	0	244281456	1538970870	0	12214420	0	122142742	122140911	244281822	0	293143902	0	0	0	122140911	0	0	0	977125824	48856950	48856950	12214420	0	1343550021	366422733	0	244281456	0	0	0	0	0	0	0	244281822	854986377	1099268199	0	48857680	0	61074545	24428840	0	0	0	0	0	0	0	0	0	0	0	0	24429818	0	610704555	0	0	0	0	0	24428475	0	0	0	0	0	244281456	244281456	0	1709972754	0	0	3908503296	732844368	0	0	0	0	0	0	0	0	0	0	0	0	6107029215	0	0	0	1221407280	2687096016	0	0	0	0	2198533104	73289454	0	0	0	0	0	0	122140911	366422733	0	0	0	488562912	732844368	977125824	244281456	244281456	244281456	488562912	2442814560	0	0	0	0	0	244281456	0	0	0	0	0	0	0	0	0	0	0	0	1099268199	0	488562912	0	clubb_standalone	advance_xp2_xpyp_module_mp_calc_xp2_xpyp_ta_terms_	[Unknown]	0x7bfac0
tridiag_lu_solvers_mp_tridiag_lu_solve_multiple_rhs_lhs_	3360000000	1155000000	178500000	2050000656	0	0	36643260	0	244281456	0	0	256495145	0	0	0	0	122140911	122140911	0	390858536	0	0	0	122140911	0	0	0	1221407280	0	0	0	0	1343550021	0	0	0	0	0	0	0	244281456	0	0	0	1465690932	244281822	0	0	122140911	24429818	0	0	0	0	0	0	0	0	0	0	0	0	0	36644727	0	854986377	0	0	0	0	0	0	0	122140911	0	0	0	0	244281456	0	122140911	0	0	1954251648	0	0	0	61071371	0	0	0	0	0	0	0	0	0	1221405843	1221405843	0	0	1465688736	3908503296	244281456	0	0	0	2931377472	12214909	12214909	0	0	0	0	0	122140911	0	0	0	0	0	244281456	1954251648	732844368	0	732844368	732844368	4152784752	0	0	0	0	0	0	0	0	0	0	0	0	0	0	0	0	0	0	854986377	0	977125824	0	clubb_standalone	tridiag_lu_solvers_mp_tridiag_lu_solve_multiple_rhs_lhs_	[Unknown]	0x74e4a0
turbulent_adv_pdf_mp_xpyp_term_ta_pdf_rhs_	3150000000	777000000	136500000	1850000592	0	0	48857680	0	0	0	0	256495145	0	0	0	61071371	0	0	0	244286585	0	0	0	0	0	0	0	1709970192	24428475	0	0	0	732845466	0	0	0	0	0	0	0	0	0	0	0	1587831843	977127288	0	12214420	0	24429818	0	0	0	122140911	0	0	0	0	0	0	0	0	0	0	0	854986377	24428475	0	0	0	0	0	0	0	0	0	0	244281456	244281456	0	244281822	244281822	0	2931377472	244281456	244281456	244281456	0	0	0	0	0	0	0	0	0	0	0	0	0	0	977125824	4397066208	977125824	0	0	0	3175658928	24429818	12214909	0	0	0	0	0	732845466	122140911	0	0	0	488562912	732844368	1954251648	244281456	0	244281456	488562912	5374192032	0	0	0	0	0	0	0	0	0	0	0	0	0	0	0	0	0	0	2564959131	0	732844368	0	clubb_standalone	turbulent_adv_pdf_mp_xpyp_term_ta_pdf_rhs_	[Unknown]	0x82b710
skx_module_mp_xp3_lg_2005_ansatz_	3076500000	2488500000	472500000	4000001280	0	0	36643260	0	0	0	0	2821446595	0	0	0	122142742	3053522775	2931381864	0	97714634	24428475	0	0	0	0	0	0	1465688736	0	0	0	0	1099268199	488563644	0	1221407280	0	0	0	0	732844368	0	244281456	0	1954254576	610704555	0	0	366422733	0	0	0	0	0	0	0	0	0	0	0	0	0	0	0	0	1465690932	0	0	0	0	0	0	0	0	0	0	0	244281456	0	0	366422733	0	0	977125824	488562912	488562912	0	0	0	0	0	0	0	0	0	0	0	18321087645	0	0	0	488562912	2931377472	977125824	0	0	0	4152784752	48859636	12214909	0	0	0	0	0	1709972754	0	0	0	0	732844368	488562912	732844368	977125824	0	244281456	488562912	4641347664	0	0	0	0	0	0	0	0	0	0	0	0	0	0	0	0	0	0	1587831843	0	1465688736	0	clubb_standalone	skx_module_mp_xp3_lg_2005_ansatz_	[Unknown]	0x602c80
diffusion_mp_diffusion_zm_lhs_	2992500000	987000000	231000000	2250000720	0	0	24428840	12214420	0	0	0	2308456305	0	0	0	0	0	0	0	342001219	0	0	0	122140911	0	0	0	1465688736	24428475	0	0	0	732845466	0	0	0	122140911	0	0	0	244281456	0	0	0	977127288	732845466	0	61072100	0	97719272	61072100	0	0	122140911	0	0	0	0	0	0	0	0	0	36644727	0	1343550021	24428475	0	0	61074545	0	0	0	0	0	0	0	244281456	244281456	0	2687100042	0	0	732844368	488562912	244281456	244281456	0	0	0	0	0	0	0	0	0	0	0	0	0	0	244281456	1954251648	488562912	732844368	0	0	6839880768	109934181	48859636	0	0	0	0	0	0	610704555	0	0	0	732844368	488562912	1221407280	488562912	977125824	244281456	244281456	3664221840	0	0	0	0	0	244281456	0	0	0	0	0	0	0	0	0	0	0	0	1587831843	0	0	0	clubb_standalone	diffusion_mp_diffusion_zm_lhs_	[Unknown]	0x606360
saturation_mp_sat_mixrat_liq_k_	2950500000	924000000	0	300000096	0	0	12214420	0	0	0	244281456	512990290	0	0	0	0	122140911	366422733	0	97714634	0	0	0	0	0	0	0	488562912	0	0	0	0	1099268199	0	0	0	122140911	0	0	0	0	0	0	0	2320677309	0	0	0	0	12214909	0	0	0	0	0	0	0	0	0	0	0	0	0	0	0	1465690932	0	0	0	0	0	0	0	0	0	0	0	244281456	0	0	244281822	0	0	3419940384	0	0	0	0	0	0	0	0	0	0	0	0	0	3664217529	0	0	0	488562912	3664221840	732844368	0	0	0	2687096016	0	0	0	0	0	0	0	488563644	0	0	0	0	0	488562912	1221407280	488562912	977125824	244281456	0	3664221840	0	0	0	0	0	0	0	0	0	0	0	0	0	0	0	0	0	0	1221409110	0	1221407280	0	clubb_standalone	saturation_mp_sat_mixrat_liq_k_	[Unknown]	0x6273d0
advance_xp2_xpyp_module_mp_xp2_xpyp_uv_rhs_	2887500000	1197000000	178500000	1900000608	0	0	0	0	0	0	0	1025980580	0	0	0	0	0	0	0	146571951	0	0	0	366422733	0	0	0	1465688736	24428475	48856950	0	12214420	977127288	122140911	0	0	0	0	0	0	0	0	0	0	1099268199	610704555	0	109929780	0	24429818	48857680	0	0	0	0	0	0	0	0	0	0	0	0	24429818	0	854986377	73285425	0	0	0	0	0	0	0	0	0	0	488562912	0	0	1465690932	0	0	1221407280	244281456	244281456	0	0	0	0	0	0	0	0	0	0	0	0	0	0	0	977125824	1954251648	488562912	0	0	0	1954251648	61074545	12214909	0	0	0	0	0	488563644	366422733	0	0	0	0	244281456	732844368	244281456	732844368	0	244281456	2442814560	0	0	0	0	0	1221407280	0	0	0	0	0	0	0	0	0	0	0	0	1099268199	0	244281456	0	clubb_standalone	advance_xp2_xpyp_module_mp_xp2_xpyp_uv_rhs_	[Unknown]	0x7b8760
advance_xp2_xpyp_module_mp_advance_xp2_xpyp_	2814000000	1218000000	252000000	2100000672	0	0	85500940	0	0	0	1465688736	256495145	0	12214420	0	61071371	244281822	244281822	0	439715853	0	0	0	0	0	0	0	2442814560	0	24428475	0	0	1221409110	244281822	0	0	0	0	0	0	488562912	0	244281456	122140911	366422733	732845466	0	24428840	0	36644727	24428840	0	0	0	0	0	0	0	0	0	0	0	0	24429818	0	244281822	0	0	0	0	0	0	0	0	0	0	0	244281456	488562912	0	1465690932	122140911	0	1709970192	0	0	0	61071371	0	0	0	0	0	0	0	0	122140911	3664217529	0	0	0	244281456	1709970192	0	0	0	0	3419940384	48859636	12214909	0	0	0	0	0	122140911	0	0	0	0	488562912	0	244281456	488562912	732844368	488562912	244281456	1221407280	0	0	0	0	0	0	0	0	0	0	0	0	0	0	0	0	0	0	1221409110	0	488562912	0	clubb_standalone	advance_xp2_xpyp_module_mp_advance_xp2_xpyp_	[Unknown]	0x7a21a0
advance_helper_module_mp_lscale_width_vert_avg_	2740500000	535500000	94500000	1000000320	0	0	12214420	0	0	0	0	769485435	0	0	0	0	0	122140911	0	293143902	0	0	0	0	0	0	0	244281456	0	24428475	0	0	0	0	0	0	0	0	0	0	0	0	0	0	732845466	244281822	0	0	0	36644727	0	0	0	0	0	0	0	0	0	0	0	0	0	0	0	366422733	0	0	0	0	0	0	0	122140911	0	0	0	244281456	488562912	0	610704555	0	0	2198533104	0	0	0	0	0	0	0	0	0	0	0	0	0	0	0	0	0	244281456	2931377472	732844368	0	0	0	2442814560	24429818	0	0	0	0	0	0	244281822	0	0	0	0	488562912	0	488562912	244281456	732844368	1221407280	0	2931377472	0	0	0	0	0	0	0	0	0	0	0	0	0	0	0	0	0	0	1587831843	0	244281456	0	clubb_standalone	advance_helper_module_mp_lscale_width_vert_avg_	[Unknown]	0x6f7db0
sigma_sqd_w_module_mp_compute_sigma_sqd_w_	2667000000	1638000000	189000000	2800000896	0	0	36643260	0	0	0	244281456	1282475725	0	0	0	0	1587831843	1343550021	0	293143902	0	0	0	0	0	0	0	1221407280	24428475	24428475	0	0	2320677309	122140911	0	488562912	0	0	0	0	0	0	244281456	0	1099268199	122140911	0	0	122140911	0	0	0	0	0	0	0	0	0	0	0	0	0	0	0	0	366422733	0	0	0	0	0	0	0	0	0	0	0	488562912	244281456	0	244281822	0	0	732844368	0	0	0	0	0	0	0	0	0	0	0	0	0	8549840901	2442811686	0	0	244281456	4641347664	0	0	0	0	2442814560	36644727	0	0	0	0	0	0	732845466	0	0	0	0	0	244281456	0	488562912	244281456	732844368	0	3175658928	0	0	0	0	0	0	0	0	0	0	0	0	0	0	0	0	0	0	854986377	0	732844368	0	clubb_standalone	sigma_sqd_w_module_mp_compute_sigma_sqd_w_	[Unknown]	0x6a3c80
advance_wp2_wp3_module_mp_wp23_lhs_	2614500000	672000000	73500000	1150000368	0	0	12214420	0	244281456	0	0	1282475725	0	0	0	0	0	0	0	293143902	0	0	0	366422733	24429818	0	0	488562912	0	0	0	0	488563644	0	0	0	122140911	0	0	0	0	0	0	122140911	1221409110	244281822	0	36643260	0	12214909	0	0	0	366422733	12214909	0	0	0	0	0	0	0	0	61074545	0	488563644	48856950	0	0	0	0	0	0	0	0	0	0	1221407280	0	0	1221409110	0	0	3419940384	244281456	0	244281456	0	0	0	0	0	0	0	0	12214420	0	1221405843	0	0	0	977125824	2687096016	244281456	0	0	0	4152784752	24429818	0	0	0	0	0	0	366422733	0	0	0	0	488562912	488562912	488562912	244281456	488562912	244281456	488562912	2198533104	0	0	0	0	0	0	0	0	0	0	0	0	0	0	0	0	0	0	1099268199	0	244281456	0	clubb_standalone	advance_wp2_wp3_module_mp_wp23_lhs_	[Unknown]	0x6ba830
advance_xm_wpxp_module_mp_xm_wpxp_clipping_and_stats_	2593500000	735000000	126000000	1050000336	0	0	73286520	0	244281456	0	488562912	512990290	0	12214420	0	0	0	0	0	195429268	0	0	0	366422733	0	0	0	1465688736	0	48856950	0	0	854986377	122140911	0	0	366422733	0	0	0	0	0	0	122140911	977127288	488563644	0	0	0	36644727	0	0	0	0	0	0	0	0	0	0	0	0	0	85504363	0	122140911	24428475	24428475	0	0	0	73285425	0	0	0	0	0	488562912	244281456	0	2076395487	244281822	0	2687096016	0	0	0	0	0	0	0	0	0	0	0	0	0	1221405843	0	0	0	488562912	2931377472	0	0	0	0	3175658928	24429818	12214909	0	0	0	0	0	0	0	0	0	0	732844368	244281456	488562912	732844368	0	0	244281456	1709970192	0	0	0	0	0	0	0	0	0	0	0	0	0	0	0	0	0	0	610704555	0	0	0	clubb_standalone	advance_xm_wpxp_module_mp_xm_wpxp_clipping_and_stats_	[Unknown]	0x739cd0
advance_wp2_wp3_module_mp_wp23_rhs_	2299500000	577500000	94500000	750000240	0	0	61072100	0	0	0	0	256495145	0	0	0	0	0	0	0	195429268	0	0	0	0	0	0	0	977125824	0	0	0	0	610704555	0	0	0	244281822	0	0	0	0	0	0	0	366422733	122140911	0	36643260	0	0	0	0	0	0	0	0	0	0	0	0	0	0	0	24429818	0	610704555	0	24428475	0	0	0	0	0	0	0	0	0	244281456	0	0	1587831843	122140911	0	1709970192	0	244281456	244281456	0	0	0	0	0	0	0	0	0	0	0	0	0	0	0	2687096016	0	0	0	0	2687096016	0	12214909	0	0	0	0	0	732845466	122140911	0	0	0	244281456	244281456	1221407280	0	488562912	244281456	244281456	2687096016	0	0	0	0	0	0	0	0	0	0	0	0	0	0	0	0	0	0	732845466	0	244281456	0	clubb_standalone	advance_wp2_wp3_module_mp_wp23_rhs_	[Unknown]	0x6bbd90
advance_xm_wpxp_module_mp_advance_xm_wpxp_	2226000000	483000000	210000000	750000240	0	0	48857680	0	0	0	0	512990290	0	12214420	0	61071371	366422733	488563644	0	684002438	0	0	0	0	61074545	0	0	244281456	48856950	24428475	0	0	488563644	0	0	244281456	122140911	0	0	0	0	0	0	0	854986377	122140911	0	73286520	0	36644727	61072100	0	0	0	0	0	0	0	0	0	0	0	0	0	0	488563644	0	0	0	0	0	0	0	0	0	0	0	488562912	244281456	0	610704555	122140911	0	1709970192	0	488562912	0	0	0	0	0	0	0	0	0	0	0	1221405843	0	0	0	488562912	1954251648	732844368	0	0	0	3175658928	12214909	0	0	0	0	0	0	0	122140911	0	0	0	488562912	732844368	732844368	488562912	732844368	244281456	244281456	2198533104	0	0	0	0	0	244281456	0	0	0	0	0	0	0	0	0	0	0	0	1221409110	0	0	0	clubb_standalone	advance_xm_wpxp_module_mp_advance_xm_wpxp_	[Unknown]	0x7113e0
advance_xm_wpxp_module_mp_solve_xm_wpxp_with_single_lhs_	2215500000	1050000000	84000000	1500000480	0	0	61072100	0	0	0	732844368	256495145	0	12214420	0	0	0	122140911	0	342001219	0	0	0	122140911	0	0	0	732844368	48856950	24428475	24428840	0	977127288	244281822	0	0	0	0	0	0	244281456	0	0	244281822	366422733	122140911	0	48857680	0	36644727	12214420	0	0	122140911	0	0	0	0	0	0	0	0	0	36644727	0	122140911	24428475	48856950	0	0	0	24428475	0	122140911	0	0	0	0	0	0	3053522775	366422733	0	1465688736	488562912	0	0	0	0	0	0	0	0	0	0	0	0	0	0	0	0	488562912	2687096016	0	0	0	0	1465688736	36644727	12214909	0	0	0	0	0	0	0	0	0	0	732844368	244281456	732844368	0	1221407280	0	488562912	3908503296	0	0	0	0	0	0	0	0	0	0	0	0	0	0	0	0	0	0	1465690932	0	0	0	clubb_standalone	advance_xm_wpxp_module_mp_solve_xm_wpxp_with_single_lhs_	[Unknown]	0x72e4f0
pdf_utilities_mp_smooth_corr_quotient_	2205000000	630000000	73500000	1450000464	0	0	12214420	0	0	0	0	1538970870	0	0	0	0	732845466	1221409110	0	97714634	0	0	0	0	85504363	0	0	977125824	0	0	0	0	977127288	0	0	488562912	0	0	0	0	0	0	0	0	854986377	610704555	0	0	0	0	0	0	0	0	0	0	0	0	0	0	0	0	0	0	12214909	977127288	0	0	0	0	0	0	0	0	0	0	0	0	0	0	610704555	0	0	2931377472	0	0	0	0	0	0	0	0	0	0	0	0	0	0	0	0	0	732844368	3175658928	244281456	0	0	0	1954251648	0	0	0	0	0	0	0	732845466	0	0	0	0	0	244281456	244281456	488562912	488562912	488562912	244281456	2931377472	0	0	0	0	0	0	0	0	0	0	0	0	0	0	0	0	0	0	1832113665	0	0	0	clubb_standalone	pdf_utilities_mp_smooth_corr_quotient_	[Unknown]	0x76be80
turbulent_adv_pdf_mp_xpyp_term_ta_pdf_lhs_	2205000000	798000000	136500000	1350000432	0	0	12214420	0	0	0	0	512990290	0	0	0	0	0	0	0	0	0	0	0	0	0	0	0	732844368	48856950	24428475	12214420	0	366422733	0	0	0	0	0	0	0	0	0	0	0	0	610704555	0	195430720	0	85504363	12214420	0	0	0	0	0	0	0	0	0	0	0	0	0	0	610704555	0	48856950	0	48859636	0	24428475	0	122140911	0	0	0	244281456	0	0	1587831843	0	0	1709970192	244281456	0	0	0	0	0	0	0	0	0	0	0	0	1221405843	0	0	0	244281456	2442814560	244281456	0	0	0	3908503296	36644727	12214909	0	0	0	0	0	0	244281822	0	0	0	488562912	244281456	732844368	244281456	0	0	977125824	3664221840	0	0	0	0	0	244281456	0	0	0	0	0	0	0	0	0	0	0	0	1343550021	0	0	0	clubb_standalone	turbulent_adv_pdf_mp_xpyp_term_ta_pdf_lhs_	[Unknown]	0x826c10
advance_xm_wpxp_module_mp_diagnose_upxp_	2026500000	388500000	31500000	500000160	0	0	0	0	0	0	244281456	0	0	0	0	61071371	244281822	0	0	48857317	0	0	0	0	0	0	0	0	0	24428475	12214420	0	366422733	0	0	0	0	0	0	0	488562912	0	0	0	366422733	0	0	85500940	0	12214909	36643260	0	0	0	0	0	0	0	0	0	0	0	0	0	12214909	610704555	0	0	0	0	0	0	0	0	0	0	0	0	0	0	244281822	0	0	977125824	0	0	0	0	0	0	0	0	0	0	0	0	0	0	1221405843	0	0	488562912	1709970192	0	0	0	0	977125824	0	0	0	0	0	0	0	0	122140911	0	0	0	244281456	244281456	977125824	0	732844368	244281456	0	488562912	0	0	0	0	0	0	0	0	0	0	0	0	0	0	0	0	0	0	854986377	0	0	0	clubb_standalone	advance_xm_wpxp_module_mp_diagnose_upxp_	[Unknown]	0x7427f0
advance_xm_wpxp_module_mp_xm_wpxp_lhs_	1911000000	409500000	52500000	1050000336	0	0	12214420	0	0	0	0	769485435	0	12214420	0	0	0	0	0	488573170	0	0	0	244281822	0	0	0	0	24428475	0	0	0	610704555	0	0	0	0	0	0	0	0	0	0	0	366422733	732845466	0	0	0	0	0	0	0	122140911	0	0	0	0	0	0	0	0	0	109934181	0	977127288	0	48856950	0	0	0	24428475	0	0	0	122140911	0	488562912	0	0	0	0	0	1954251648	0	0	0	0	0	0	0	0	0	0	0	0	0	0	0	0	0	488562912	732844368	244281456	0	0	0	3175658928	24429818	36644727	0	0	0	0	0	122140911	0	0	0	0	0	0	488562912	244281456	488562912	0	244281456	1465688736	0	0	0	0	0	0	0	0	0	0	0	0	0	0	0	0	0	0	1587831843	0	244281456	0	clubb_standalone	advance_xm_wpxp_module_mp_xm_wpxp_lhs_	[Unknown]	0x724470
grid_class_mp_zm2zt2zm_	1900500000	430500000	63000000	600000192	0	0	24428840	0	0	0	0	256495145	0	0	0	0	0	0	0	48857317	0	0	0	122140911	0	0	0	977125824	24428475	0	12214420	0	244281822	0	0	0	0	0	0	0	0	0	0	0	732845466	366422733	0	73286520	0	61074545	36643260	0	0	122140911	0	0	0	0	0	0	0	0	0	24429818	0	244281822	0	0	0	0	0	0	0	0	0	0	0	0	244281456	0	0	0	0	0	488562912	488562912	0	0	0	0	0	0	0	0	0	0	0	0	0	0	0	0	2442814560	0	0	0	0	2687096016	24429818	0	0	0	0	0	0	0	244281822	0	0	0	0	732844368	732844368	488562912	244281456	244281456	977125824	2442814560	0	0	0	0	0	0	0	0	0	0	0	0	0	0	0	0	0	0	732845466	0	0	0	clubb_standalone	grid_class_mp_zm2zt2zm_	[Unknown]	0x7ff300
pdf_closure_module_mp_transform_pdf_chi_eta_component_	1774500000	840000000	168000000	1250000400	0	0	24428840	0	0	0	0	1025980580	0	12214420	0	0	488563644	366422733	0	48857317	0	0	0	122140911	0	0	0	732844368	24428475	0	0	0	488563644	244281822	0	0	122140911	0	0	0	244281456	0	244281456	0	244281822	0	0	48857680	122140911	12214909	24428840	0	0	0	0	0	0	0	0	0	0	0	0	0	0	0	24428475	24428475	0	0	0	0	0	0	0	122140911	0	0	0	0	122140911	0	0	1954251648	0	0	0	0	0	0	0	0	0	0	0	0	0	0	0	0	0	0	1221407280	0	0	0	0	1709970192	0	0	0	0	0	0	0	0	610704555	0	0	0	488562912	977125824	732844368	0	1709970192	0	244281456	1709970192	0	0	0	0	0	732844368	0	0	0	0	0	0	0	0	0	0	0	0	366422733	0	0	0	clubb_standalone	pdf_closure_module_mp_transform_pdf_chi_eta_component_	[Unknown]	0x622c30
clip_explicit_mp_clip_variance_	1764000000	535500000	63000000	1150000368	0	0	85500940	0	0	0	244281456	256495145	0	0	0	0	0	0	0	537430487	0	0	0	0	0	0	0	488562912	0	0	0	0	610704555	122140911	0	244281456	0	0	0	0	0	0	488562912	0	488563644	0	0	0	0	85504363	0	0	0	0	0	0	0	0	0	0	0	0	0	0	0	244281822	0	0	0	0	0	0	0	0	0	0	0	488562912	0	0	2442818220	244281822	0	1221407280	244281456	0	0	0	0	0	0	0	0	0	0	0	0	0	0	0	0	732844368	977125824	0	0	0	0	977125824	12214909	12214909	0	0	0	0	0	0	0	0	0	0	0	0	244281456	0	0	488562912	0	1709970192	0	0	0	0	0	0	0	0	0	0	0	0	0	0	0	0	0	0	488563644	0	0	0	clubb_standalone	clip_explicit_mp_clip_variance_	[Unknown]	0x749400
penta_lu_solvers_mp_penta_lu_solve_single_rhs_multiple_lhs_	1743000000	1176000000	252000000	1500000480	0	0	24428840	0	0	0	0	1795466015	0	0	0	0	610704555	244281822	0	0	0	0	0	122140911	0	0	0	732844368	48856950	0	0	24428840	1343550021	244281822	0	0	122140911	0	0	0	0	0	0	0	610704555	122140911	0	48857680	0	0	0	0	0	0	0	0	0	0	0	0	0	0	0	85504363	0	610704555	48856950	48856950	0	0	0	0	0	0	0	0	0	0	0	0	122140911	122140911	0	732844368	0	0	0	0	0	0	0	0	0	0	0	12214420	0	4885623372	2442811686	0	0	732844368	1221407280	0	0	0	0	2687096016	12214909	12214909	0	0	0	0	0	610704555	122140911	0	0	0	0	488562912	1221407280	0	244281456	244281456	244281456	2442814560	0	0	0	0	0	244281456	0	0	0	0	0	0	0	0	0	0	0	0	854986377	0	732844368	0	clubb_standalone	penta_lu_solvers_mp_penta_lu_solve_single_rhs_multiple_lhs_	[Unknown]	0x777780
advance_helper_module_mp_calc_brunt_vaisala_freq_sqd_	1638000000	577500000	94500000	1350000432	0	0	12214420	0	0	0	488562912	1025980580	0	0	0	0	244281822	732845466	0	244286585	0	0	0	122140911	48859636	0	0	488562912	24428475	48856950	0	0	488563644	0	0	0	0	0	0	0	244281456	0	0	0	488563644	244281822	0	24428840	0	12214909	0	0	0	0	0	0	0	0	0	0	0	0	0	0	0	244281822	24428475	0	0	0	0	0	0	0	0	0	0	488562912	0	0	366422733	122140911	0	1465688736	0	0	0	0	0	0	0	0	0	0	0	0	0	2442811686	0	0	0	488562912	2198533104	244281456	0	0	0	1954251648	12214909	0	0	0	0	0	0	122140911	0	0	0	0	0	488562912	732844368	0	0	488562912	244281456	1465688736	0	0	0	0	0	244281456	0	0	0	0	0	0	0	0	0	0	0	0	0	0	977125824	0	clubb_standalone	advance_helper_module_mp_calc_brunt_vaisala_freq_sqd_	[Unknown]	0x6f4a90
pdf_closure_module_mp_calc_wp2xp2_pdf_	1543500000	451500000	52500000	700000224	0	0	0	0	0	0	0	0	0	0	0	0	122140911	244281822	0	0	0	0	0	244281822	0	0	0	0	0	0	12214420	0	488563644	0	0	0	0	0	0	0	0	0	0	0	610704555	0	0	73286520	0	0	24428840	0	0	0	0	0	0	0	0	0	0	0	0	0	0	244281822	0	0	0	0	0	0	0	0	0	0	0	0	977125824	0	122140911	0	0	977125824	244281456	0	0	0	0	0	0	0	0	0	0	0	0	1221405843	0	0	0	244281456	977125824	0	0	0	0	1954251648	24429818	0	0	0	0	0	0	0	488563644	0	0	0	244281456	244281456	488562912	0	488562912	488562912	0	2687096016	0	0	0	0	0	0	0	0	0	0	0	0	0	0	0	0	0	0	732845466	0	0	0	clubb_standalone	pdf_closure_module_mp_calc_wp2xp2_pdf_	[Unknown]	0x623300
clubb_driver_mp_run_clubb_	1522500000	472500000	63000000	500000160	0	0	12214420	0	0	0	244281456	256495145	0	0	0	61071371	0	0	0	0	0	0	0	244281822	0	0	0	488562912	0	0	0	24428840	244281822	0	0	0	244281822	0	0	0	244281456	0	0	122140911	977127288	122140911	0	12214420	0	0	12214420	0	0	0	0	0	0	0	0	0	0	0	0	0	0	244281822	0	0	0	0	0	0	0	366422733	0	122140911	0	0	0	0	122140911	0	0	732844368	0	0	0	0	0	0	0	0	0	0	0	12214420	0	0	0	0	0	244281456	1709970192	0	0	0	0	1954251648	24429818	0	0	0	0	0	0	122140911	0	0	0	0	0	244281456	1465688736	244281456	244281456	244281456	0	1709970192	0	0	0	0	0	0	0	0	0	0	0	0	0	0	0	0	0	0	854986377	0	0	0	clubb_standalone	clubb_driver_mp_run_clubb_	[Unknown]	0x414410
mean_adv_mp_term_ma_zm_lhs_	1512000000	367500000	42000000	550000176	0	0	12214420	0	0	0	0	256495145	0	0	0	0	0	0	0	0	24428475	0	0	122140911	0	0	0	732844368	73285425	0	0	0	0	0	0	0	0	0	0	0	0	0	0	0	1099268199	122140911	0	0	0	0	0	0	0	0	0	0	0	0	0	0	0	0	0	0	0	244281822	24428475	24428475	0	0	0	0	0	0	0	0	0	0	0	0	732845466	0	0	0	244281456	244281456	0	0	0	0	0	0	0	0	0	0	0	0	0	0	0	488562912	977125824	244281456	0	0	0	1709970192	0	0	0	0	0	0	0	977127288	0	0	0	0	244281456	0	0	488562912	0	0	244281456	2198533104	0	0	0	0	0	0	0	0	0	0	0	0	0	0	0	0	0	0	1343550021	0	732844368	0	clubb_standalone	mean_adv_mp_term_ma_zm_lhs_	[Unknown]	0x6fe870
pdf_closure_module_mp_calc_wp2xp_pdf_	1491000000	388500000	84000000	450000144	0	0	0	0	0	0	0	256495145	0	0	0	0	122140911	122140911	0	146571951	0	0	0	122140911	0	0	0	244281456	24428475	0	0	0	244281822	0	0	0	0	0	0	0	0	0	0	0	244281822	0	0	61072100	0	0	12214420	0	0	0	0	0	0	0	0	0	0	0	0	12214909	0	610704555	0	0	0	0	0	0	0	122140911	0	122140911	0	0	244281456	0	0	0	0	1221407280	0	0	0	0	0	0	0	0	0	0	0	0	0	0	0	0	0	977125824	1709970192	0	0	0	0	2687096016	0	0	0	0	0	0	0	0	244281822	0	0	0	244281456	0	244281456	0	488562912	0	488562912	1709970192	0	0	0	0	0	0	0	0	0	0	0	0	0	0	0	0	0	0	488563644	0	0	0	clubb_standalone	pdf_closure_module_mp_calc_wp2xp_pdf_	[Unknown]	0x623820
advance_xp2_xpyp_module_mp_xp2_xpyp_lhs_	1449000000	315000000	31500000	450000144	0	0	12214420	0	0	0	0	256495145	0	0	0	0	0	0	0	97714634	0	0	0	0	0	0	0	244281456	0	0	0	0	366422733	0	0	0	0	0	0	0	0	0	0	0	977127288	488563644	0	0	0	0	0	0	0	0	0	0	0	0	0	0	0	0	0	0	0	488563644	0	0	0	0	0	0	0	0	0	0	0	244281456	0	0	488563644	0	0	732844368	244281456	0	0	0	0	0	0	0	0	0	0	0	0	0	0	0	0	0	1709970192	0	0	0	0	1465688736	0	0	0	0	0	0	0	854986377	0	0	0	0	244281456	0	732844368	244281456	0	488562912	244281456	1465688736	0	0	0	0	0	0	0	0	0	0	0	0	0	0	0	0	0	0	488563644	0	244281456	0	clubb_standalone	advance_xp2_xpyp_module_mp_xp2_xpyp_lhs_	[Unknown]	0x7b7be0
pdf_closure_module_mp_calc_wpxp2_pdf_	1438500000	399000000	94500000	600000192	0	0	12214420	0	0	0	0	256495145	0	0	0	0	366422733	0	0	48857317	0	0	0	0	0	0	0	488562912	0	0	36643260	0	366422733	122140911	0	0	0	0	0	0	0	0	0	0	366422733	0	0	36643260	0	12214909	0	0	0	0	0	0	0	0	0	0	0	0	0	0	0	244281822	0	0	0	0	0	0	0	0	0	0	0	0	244281456	0	122140911	0	0	244281456	0	0	0	0	0	0	0	0	0	0	0	0	0	0	0	0	0	244281456	2931377472	0	0	0	0	1954251648	0	0	0	0	0	0	0	0	488563644	0	0	0	732844368	244281456	244281456	0	488562912	244281456	0	2687096016	0	0	0	0	0	0	0	0	0	0	0	0	0	0	0	0	0	0	732845466	0	0	0	clubb_standalone	pdf_closure_module_mp_calc_wpxp2_pdf_	[Unknown]	0x623c70
advance_xm_wpxp_module_mp_calc_xm_wpxp_ta_terms_	1386000000	640500000	73500000	900000288	0	0	36643260	0	0	0	0	1025980580	0	0	0	0	0	0	0	342001219	0	0	0	122140911	0	0	0	244281456	24428475	48856950	0	0	0	366422733	0	0	0	0	0	0	244281456	0	244281456	122140911	244281822	122140911	0	12214420	0	12214909	0	0	0	0	0	0	0	0	0	0	0	0	0	12214909	0	122140911	0	0	0	0	0	24428475	0	0	0	0	0	488562912	0	0	1221409110	0	0	1221407280	0	0	0	0	0	0	0	0	0	0	0	0	244281822	0	2442811686	0	0	244281456	2198533104	0	0	0	0	1221407280	36644727	12214909	0	0	0	0	0	0	0	0	0	0	0	244281456	0	244281456	244281456	0	0	977125824	0	0	0	0	0	0	0	0	0	0	0	0	0	0	0	0	0	0	122140911	0	0	0	clubb_standalone	advance_xm_wpxp_module_mp_calc_xm_wpxp_ta_terms_	[Unknown]	0x7292a0
advance_helper_module_mp_smooth_max_scalars_	1323000000	346500000	42000000	650000208	0	0	12214420	0	0	0	0	256495145	0	0	0	0	122140911	244281822	0	48857317	0	0	0	0	0	0	0	488562912	0	0	0	0	244281822	0	0	244281456	0	0	0	0	0	0	0	0	366422733	0	0	0	0	0	0	0	0	0	0	0	0	0	0	0	0	0	0	0	0	366422733	0	0	0	0	0	0	0	0	0	0	0	244281456	0	0	122140911	0	0	2198533104	0	0	0	0	0	0	0	0	0	0	0	0	0	0	0	0	0	244281456	2687096016	0	0	0	0	1221407280	0	0	0	0	0	0	0	488563644	0	0	0	0	977125824	244281456	488562912	0	488562912	0	0	2931377472	0	0	0	0	0	0	0	0	0	0	0	0	0	0	0	0	0	0	366422733	0	488562912	0	clubb_standalone	advance_helper_module_mp_smooth_max_scalars_	[Unknown]	0x6f9820
mean_adv_mp_term_ma_zt_lhs_	1302000000	325500000	84000000	550000176	0	0	24428840	0	0	0	0	256495145	0	0	0	0	0	0	0	48857317	0	0	0	0	0	0	0	244281456	48856950	0	0	0	732845466	0	0	0	0	0	0	0	0	0	0	0	122140911	0	0	0	0	36644727	0	0	0	0	0	0	0	0	0	0	0	0	0	12214909	0	122140911	0	0	0	0	0	0	0	0	0	0	0	0	0	0	366422733	0	0	488562912	0	0	0	0	0	0	0	0	0	0	0	0	0	0	0	0	0	0	732844368	0	0	0	0	488562912	24429818	0	0	0	0	0	0	122140911	0	0	0	0	0	0	0	244281456	0	244281456	488562912	1954251648	0	0	0	0	0	0	0	0	0	0	0	0	0	0	0	0	0	0	366422733	0	0	0	clubb_standalone	mean_adv_mp_term_ma_zt_lhs_	[Unknown]	0x6fd030
[Outside any known module]	1270500000	2982000000	588000000	5100001632	0	0	24428840	0	0	0	0	5381902900	48643620	12214420	0	0	0	0	0	244286585	48856950	0	0	1221409110	36644727	0	0	3419940384	0	0	0	0	3175663686	2564959131	0	0	1709972754	1587831843	1587831843	0	0	0	2442814560	0	0	122140911	0	12214420	122140911	36644727	0	0	0	122140911	0	0	0	0	0	0	0	0	0	0	36644727	0	0	0	0	36644727	0	0	122140911	244281822	0	1221409110	0	0	0	0	3053522775	244281822	0	732844368	732844368	0	244281456	0	0	0	0	0	0	0	0	1783305320	0	7328435058	12214058430	0	0	0	2687096016	488562912	244281456	0	0	2931377472	61074545	0	0	0	0	0	0	0	0	0	0	0	244281456	244281456	977125824	244281456	1221407280	488562912	244281456	2198533104	0	0	0	0	0	0	0	0	0	0	0	0	0	0	0	0	0	0	1221409110	0	0	0	[Unknown]	[Outside any known module]	[Unknown]	0x0
mono_flux_limiter_mp_calc_turb_adv_range_	1186500000	199500000	73500000	400000128	0	0	24428840	0	244281456	0	0	0	0	0	0	61071371	0	0	0	48857317	0	0	0	0	0	0	0	488562912	0	0	0	0	244281822	0	0	0	0	0	0	0	0	0	0	0	244281822	122140911	0	0	0	12214909	0	0	0	0	0	0	0	0	0	0	0	0	0	0	12214909	366422733	0	0	0	0	0	0	0	0	0	0	0	0	0	0	122140911	0	0	977125824	0	0	0	0	0	0	0	0	0	0	0	0	0	0	0	0	0	488562912	1221407280	0	0	0	0	1221407280	0	0	0	0	0	0	0	0	0	0	0	0	0	244281456	732844368	0	0	0	0	977125824	0	0	0	0	0	0	0	0	0	0	0	0	0	0	0	0	0	0	122140911	0	244281456	0	clubb_standalone	mono_flux_limiter_mp_calc_turb_adv_range_	[Unknown]	0x8203a0
time_dependent_input_mp_apply_time_dependent_forcings_	1165500000	493500000	94500000	1100000352	0	0	36643260	0	0	0	244281456	256495145	0	0	0	122142742	0	0	0	244286585	0	0	0	122140911	85504363	0	0	244281456	0	0	0	0	732845466	0	0	0	0	0	122140911	0	244281456	0	488562912	0	244281822	0	0	0	0	12214909	0	0	0	0	0	0	0	0	0	0	0	0	0	0	12214909	366422733	0	0	0	0	0	0	122140911	0	0	0	0	244281456	0	0	854986377	244281822	0	244281456	488562912	0	0	61071371	0	0	0	0	0	0	0	0	0	0	0	0	0	244281456	1709970192	244281456	0	0	0	2198533104	12214909	0	0	0	0	0	0	122140911	122140911	0	0	0	488562912	0	0	244281456	732844368	244281456	244281456	2931377472	0	0	0	0	0	0	0	0	0	0	0	0	0	0	0	0	0	0	977127288	0	0	0	clubb_standalone	time_dependent_input_mp_apply_time_dependent_forcings_	[Unknown]	0x4b37a0
advance_wp2_wp3_module_mp_wp23_solve_	1113000000	399000000	63000000	700000224	0	0	122144200	0	0	0	0	256495145	0	0	0	61071371	0	0	0	635145121	0	0	0	0	0	0	0	977125824	0	24428475	0	0	244281822	0	0	0	0	0	0	0	0	0	0	0	244281822	122140911	0	0	0	12214909	0	0	0	0	0	0	0	0	0	0	0	0	0	0	0	122140911	0	0	0	0	0	0	0	0	0	0	0	0	244281456	0	1221409110	122140911	0	1221407280	244281456	0	0	0	0	0	0	0	0	0	0	0	0	0	0	0	0	0	732844368	0	0	0	0	488562912	36644727	0	0	0	0	0	0	0	0	0	0	0	0	0	488562912	488562912	0	0	488562912	732844368	0	0	0	0	0	0	0	0	0	0	0	0	0	0	0	0	0	0	0	0	0	0	clubb_standalone	advance_wp2_wp3_module_mp_wp23_solve_	[Unknown]	0x6b41b0
__svml_exp4_l9	1092000000	336000000	63000000	400000128	0	0	12214420	0	0	0	244281456	0	0	0	0	0	0	0	0	0	0	0	0	0	0	0	0	244281456	0	24428475	0	0	0	122140911	0	0	122140911	0	0	0	0	0	0	0	366422733	0	0	0	0	12214909	0	0	0	0	0	0	0	0	0	0	0	0	0	0	0	488563644	0	0	0	0	0	0	0	0	0	0	0	0	0	0	244281822	0	0	732844368	244281456	0	0	0	0	0	0	0	0	0	0	0	0	0	0	0	0	488562912	2198533104	0	244281456	0	0	977125824	0	0	0	0	0	0	0	0	366422733	0	0	0	488562912	488562912	732844368	244281456	244281456	0	0	1221407280	0	0	0	0	0	0	0	0	0	0	0	0	0	0	0	0	0	0	122140911	0	0	0	clubb_standalone	__svml_exp4_l9	[Unknown]	0x9473d0
advance_xp2_xpyp_module_mp_term_pr2_	1092000000	273000000	52500000	300000096	0	0	0	0	0	0	0	769485435	0	0	0	0	122140911	122140911	0	48857317	0	0	0	0	0	0	0	488562912	48856950	24428475	12214420	0	244281822	0	0	0	0	0	0	0	0	0	0	0	854986377	244281822	0	73286520	0	0	24428840	0	0	0	0	0	0	0	0	0	0	0	0	36644727	0	488563644	24428475	24428475	0	0	0	0	0	0	0	0	0	244281456	0	0	122140911	122140911	0	0	0	0	0	0	0	0	0	0	0	0	0	0	0	0	0	0	0	0	977125824	244281456	0	0	0	732844368	48859636	12214909	0	0	0	0	0	0	244281822	0	0	0	0	244281456	732844368	0	0	488562912	732844368	1709970192	0	0	0	0	0	0	0	0	0	0	0	0	0	0	0	0	0	0	1465690932	0	0	0	clubb_standalone	advance_xp2_xpyp_module_mp_term_pr2_	[Unknown]	0x7d9280
advance_wp2_wp3_module_mp_wp3_term_ta_adg1_lhs_	1071000000	462000000	94500000	1150000368	0	0	0	0	0	0	0	256495145	0	0	0	0	0	0	0	0	0	0	0	244281822	0	0	0	488562912	0	48856950	0	0	0	0	0	0	244281822	0	0	0	0	0	0	0	366422733	0	0	12214420	0	48859636	61072100	0	0	0	0	0	0	0	0	0	0	0	0	0	0	0	0	24428475	0	24429818	0	24428475	0	0	0	0	0	0	0	0	977127288	122140911	0	244281456	488562912	0	244281456	0	0	0	0	0	0	0	0	0	0	0	0	0	0	732844368	1221407280	244281456	0	244281456	244281456	1221407280	24429818	24429818	0	0	0	0	0	0	122140911	0	0	0	488562912	244281456	732844368	244281456	0	0	732844368	1954251648	0	0	0	0	0	0	0	0	0	0	0	0	0	0	0	0	0	0	488563644	0	0	0	clubb_standalone	advance_wp2_wp3_module_mp_wp3_term_ta_adg1_lhs_	[Unknown]	0x6ca1f0
pdf_closure_module_mp_calc_liquid_cloud_frac_component_	882000000	136500000	10500000	550000176	0	0	0	0	0	0	0	0	0	0	0	0	0	0	0	48857317	0	0	0	0	12214909	0	0	0	0	0	0	0	0	0	0	0	0	0	0	0	0	0	0	0	122140911	122140911	0	36643260	0	0	36643260	0	0	0	0	0	0	0	0	0	0	0	0	0	0	0	24428475	0	0	0	0	0	0	0	0	0	0	244281456	0	0	0	0	0	977125824	0	0	0	0	0	0	0	0	0	0	0	0	0	0	0	0	0	0	977125824	0	0	0	0	0	0	0	0	0	0	0	0	0	122140911	0	0	0	0	244281456	0	244281456	0	488562912	244281456	488562912	0	0	0	0	0	244281456	0	0	0	0	0	0	0	0	0	0	0	0	0	0	0	0	clubb_standalone	pdf_closure_module_mp_calc_liquid_cloud_frac_component_	[Unknown]	0x624900
pdf_utilities_mp_calc_comp_corrs_binormal_	871500000	294000000	73500000	350000112	0	0	12214420	0	0	0	0	769485435	0	0	0	0	122140911	122140911	0	146571951	0	0	0	122140911	0	0	0	0	0	0	0	0	366422733	122140911	0	0	0	0	0	0	0	0	0	0	0	0	0	24428840	0	12214909	12214420	0	0	0	0	0	0	0	0	0	0	0	0	0	0	244281822	0	0	0	0	0	0	0	0	0	0	0	0	244281456	0	366422733	0	0	244281456	0	0	0	0	0	0	0	0	0	0	0	0	0	0	0	0	0	244281456	732844368	0	0	0	0	1221407280	0	0	0	0	0	0	0	0	122140911	0	0	0	0	244281456	244281456	0	488562912	0	0	1954251648	0	0	0	0	0	244281456	0	0	0	0	0	0	0	0	0	0	0	0	244281822	0	0	0	clubb_standalone	pdf_utilities_mp_calc_comp_corrs_binormal_	[Unknown]	0x76b3c0
mono_flux_limiter_mp_calc_mean_w_up_down_component_	861000000	189000000	42000000	50000016	0	0	0	0	0	0	0	256495145	0	0	0	0	244281822	122140911	0	244286585	0	0	0	0	0	0	0	0	0	0	0	0	122140911	0	0	0	0	0	0	0	0	0	0	0	244281822	0	0	12214420	0	0	0	0	0	0	0	0	0	0	0	0	0	0	0	0	0	122140911	0	0	0	0	0	0	0	0	0	0	0	0	0	0	0	0	0	1221407280	244281456	0	0	0	0	0	0	0	0	0	0	0	0	1221405843	0	0	0	0	1709970192	0	0	0	0	488562912	0	0	0	0	0	0	0	0	0	0	0	0	244281456	488562912	0	488562912	488562912	0	0	244281456	0	0	0	0	0	0	0	0	0	0	0	0	0	0	0	0	0	0	610704555	0	0	0	clubb_standalone	mono_flux_limiter_mp_calc_mean_w_up_down_component_	[Unknown]	0x820f30
advance_clubb_core_module_mp_compute_cloud_cover_	840000000	168000000	42000000	300000096	0	0	0	0	0	0	0	0	0	0	0	61071371	0	0	0	48857317	0	0	0	122140911	0	0	0	0	0	0	0	0	0	0	0	0	0	0	0	0	0	0	0	0	122140911	244281822	0	0	0	12214909	0	0	0	122140911	0	0	0	0	0	0	0	0	0	0	0	122140911	0	0	0	0	0	0	0	0	0	0	0	0	0	0	244281822	0	0	977125824	0	0	0	0	0	0	0	0	0	0	0	0	0	0	0	0	0	0	732844368	0	0	0	0	244281456	12214909	0	0	0	0	0	0	0	0	0	0	0	244281456	0	0	0	0	0	0	244281456	0	0	0	0	0	0	0	0	0	0	0	0	0	0	0	0	0	0	610704555	0	0	0	clubb_standalone	advance_clubb_core_module_mp_compute_cloud_cover_	[Unknown]	0x5fd8e0
advance_wp2_wp3_module_mp_wp3_term_pr_dfsn_rhs_	819000000	199500000	73500000	50000016	0	0	0	0	0	0	0	256495145	0	0	0	0	0	0	0	48857317	0	0	0	0	0	0	0	244281456	0	0	12214420	0	0	0	0	0	0	0	0	0	0	0	0	0	122140911	0	0	36643260	0	48859636	12214420	0	0	0	0	0	0	0	0	0	0	0	0	0	0	122140911	0	0	0	0	0	0	0	0	0	0	0	0	0	0	122140911	0	0	244281456	488562912	0	0	0	0	0	0	0	0	0	0	0	0	0	0	0	0	0	1221407280	0	0	0	0	1221407280	0	0	0	0	0	0	0	0	0	0	0	0	0	0	0	0	0	0	0	1465688736	0	0	0	0	0	0	0	0	0	0	0	0	0	0	0	0	0	0	244281822	0	0	0	clubb_standalone	advance_wp2_wp3_module_mp_wp3_term_pr_dfsn_rhs_	[Unknown]	0x6d5c20
__intel_avx_rep_memset	798000000	367500000	94500000	700000224	0	0	0	0	0	0	244281456	256495145	0	0	0	0	0	0	0	146571951	0	0	0	0	0	0	0	0	48856950	48856950	0	0	610704555	122140911	0	0	0	0	0	0	0	0	0	0	122140911	244281822	0	0	0	24429818	48857680	0	0	0	0	0	0	0	0	0	0	0	0	0	0	122140911	0	0	0	0	0	48856950	0	0	0	0	0	0	0	0	0	0	0	732844368	0	0	0	61071371	0	0	0	0	0	0	0	24428840	0	3664217529	1221405843	0	0	244281456	1221407280	0	0	0	0	488562912	12214909	0	0	0	0	0	0	0	0	0	0	0	0	488562912	488562912	0	0	244281456	0	488562912	0	0	0	0	0	0	0	0	0	0	0	0	0	0	0	0	0	0	122140911	0	0	0	clubb_standalone	__intel_avx_rep_memset	[Unknown]	0x95e520
clip_explicit_mp_clip_skewness_core_	798000000	262500000	0	400000128	0	0	12214420	0	0	0	0	0	0	0	0	0	0	0	0	244286585	0	0	0	0	0	0	0	0	0	0	0	0	244281822	0	0	0	0	0	0	0	0	0	0	0	0	122140911	0	0	0	12214909	0	0	0	0	0	0	0	0	0	0	0	0	0	0	0	0	0	0	0	0	0	0	0	122140911	0	0	0	488562912	0	0	1099268199	0	0	732844368	0	0	0	0	0	0	0	0	0	0	0	0	0	0	0	0	0	244281456	977125824	0	0	0	0	977125824	0	0	0	0	0	0	0	366422733	0	0	0	0	244281456	0	488562912	0	0	0	488562912	977125824	0	0	0	0	0	0	0	0	0	0	0	0	0	0	0	0	0	0	244281822	0	0	0	clubb_standalone	clip_explicit_mp_clip_skewness_core_	[Unknown]	0x74a2a0
adg1_adg2_3d_luhar_pdf_mp_adg1_w_closure_	787500000	378000000	94500000	800000256	0	0	36643260	0	0	0	0	512990290	0	0	0	0	488563644	366422733	0	48857317	0	0	0	0	0	0	0	0	24428475	0	0	0	244281822	0	0	0	0	0	0	0	488562912	0	0	0	0	122140911	0	0	0	0	0	0	0	0	0	0	0	0	0	0	0	0	0	0	0	0	0	0	0	0	0	24428475	0	0	0	0	0	0	0	0	0	0	0	488562912	244281456	0	0	0	0	0	0	0	0	0	0	12214420	0	1221405843	0	0	0	0	0	0	0	0	0	1709970192	0	0	0	0	0	0	0	366422733	0	0	0	0	244281456	0	0	0	244281456	244281456	0	244281456	0	0	0	0	0	0	0	0	0	0	0	0	0	0	0	0	0	0	244281822	0	244281456	0	clubb_standalone	adg1_adg2_3d_luhar_pdf_mp_adg1_w_closure_	[Unknown]	0x66d210
advance_helper_module_mp_compute_cx_fnc_richardson_	745500000	126000000	10500000	250000080	0	0	36643260	0	0	0	0	256495145	0	0	0	61071371	0	0	0	146571951	0	0	0	0	0	0	0	244281456	0	24428475	0	0	122140911	0	0	0	0	0	0	0	0	0	0	0	0	244281822	0	0	0	12214909	0	0	0	0	0	0	0	0	0	0	0	0	0	0	0	0	0	0	0	0	0	0	0	0	0	0	0	244281456	0	0	366422733	0	0	0	0	0	0	0	0	0	0	0	0	0	0	0	0	0	0	0	0	488562912	0	244281456	0	0	0	244281456	0	0	0	0	0	0	0	244281822	0	0	0	0	0	244281456	244281456	244281456	0	0	244281456	977125824	0	0	0	0	0	0	0	0	0	0	0	0	0	0	0	0	0	0	244281822	0	0	0	clubb_standalone	advance_helper_module_mp_compute_cx_fnc_richardson_	[Unknown]	0x6f6340
calc_pressure_mp_calculate_thvm_	693000000	283500000	21000000	600000192	0	0	0	12214420	0	0	0	0	0	0	0	0	0	244281822	0	48857317	24428475	0	0	0	0	0	0	0	0	24428475	0	0	122140911	0	0	0	122140911	0	0	0	0	0	0	0	366422733	122140911	0	0	0	0	0	0	0	0	0	0	0	0	0	0	0	0	0	0	0	488563644	0	0	0	0	0	0	0	0	0	0	0	0	244281456	0	366422733	0	0	488562912	488562912	0	0	0	0	0	0	0	0	0	0	0	0	0	0	0	0	0	244281456	0	0	0	0	0	24429818	0	0	0	0	0	0	366422733	0	0	0	0	0	0	244281456	0	0	244281456	0	488562912	0	0	0	0	0	0	0	0	0	0	0	0	0	0	0	0	0	0	244281822	0	488562912	0	clubb_standalone	calc_pressure_mp_calculate_thvm_	[Unknown]	0x6a5360
pdf_closure_module_mp_calc_ice_cloud_frac_component_	672000000	220500000	31500000	300000096	0	0	0	0	0	0	244281456	256495145	0	0	0	0	0	0	0	146571951	0	0	0	0	0	0	0	0	0	0	0	0	244281822	244281822	0	0	0	0	0	0	244281456	0	0	0	0	0	0	0	0	12214909	0	0	0	0	0	0	0	0	0	0	0	0	0	0	0	244281822	0	0	0	0	0	0	0	0	0	0	0	0	244281456	0	244281822	0	0	732844368	0	0	0	0	0	0	0	0	0	0	0	0	0	0	0	0	0	0	977125824	0	0	0	0	488562912	0	0	0	0	0	0	0	0	0	0	0	0	0	0	0	0	0	488562912	0	488562912	0	0	0	0	0	0	0	0	0	0	0	0	0	0	0	0	0	0	122140911	0	0	0	clubb_standalone	pdf_closure_module_mp_calc_ice_cloud_frac_component_	[Unknown]	0x624d40
advance_xp2_xpyp_module_mp_solve_xp2_xpyp_with_single_lhs_	661500000	210000000	21000000	400000128	0	0	12214420	0	244281456	0	0	256495145	0	0	0	0	0	0	0	48857317	0	0	0	0	0	0	0	0	24428475	0	0	0	244281822	0	0	0	0	0	0	0	732844368	0	0	122140911	0	244281822	0	0	0	12214909	0	0	0	0	0	0	0	0	0	0	0	0	0	0	0	0	0	0	0	0	0	0	0	0	0	0	0	0	0	0	610704555	0	0	244281456	0	0	0	0	0	0	0	0	0	0	0	0	0	0	0	0	0	0	732844368	0	0	0	0	488562912	12214909	12214909	0	0	0	0	0	122140911	0	0	0	0	244281456	0	0	0	0	0	0	244281456	0	0	0	0	0	0	0	0	0	0	0	0	0	0	0	0	0	0	244281822	0	0	0	clubb_standalone	advance_xp2_xpyp_module_mp_solve_xp2_xpyp_with_single_lhs_	[Unknown]	0x7aed40
advance_wp2_wp3_module_mp_wp2_term_pr_dfsn_rhs_	619500000	136500000	0	250000080	0	0	12214420	0	0	0	0	0	0	0	0	61071371	0	0	0	48857317	0	0	0	0	0	0	0	0	0	0	0	0	122140911	0	0	0	0	0	0	0	0	0	0	0	122140911	244281822	0	24428840	0	12214909	0	0	0	0	12214909	0	0	0	0	0	0	0	0	12214909	0	122140911	0	0	0	0	0	0	0	122140911	0	0	0	0	0	0	244281822	0	0	244281456	0	0	0	0	0	0	0	0	0	0	0	0	0	0	0	0	0	244281456	732844368	244281456	0	0	0	488562912	12214909	12214909	0	0	0	0	0	0	0	0	0	0	0	0	244281456	0	0	0	0	732844368	0	0	0	0	0	0	0	0	0	0	0	0	0	0	0	0	0	0	0	0	0	0	clubb_standalone	advance_wp2_wp3_module_mp_wp2_term_pr_dfsn_rhs_	[Unknown]	0x6c7f60
advance_xm_wpxp_module_mp_calc_xm_wpxp_lhs_terms_	619500000	94500000	42000000	250000080	0	0	0	0	0	0	0	256495145	0	12214420	0	0	0	0	0	0	0	0	0	0	0	0	0	0	0	0	0	0	0	0	0	0	0	0	0	0	0	0	0	0	244281822	244281822	0	48857680	0	0	0	0	0	0	0	0	0	0	0	0	0	0	0	0	0	122140911	0	0	0	0	0	0	0	0	0	0	0	244281456	0	0	0	0	0	0	488562912	0	0	0	0	0	0	0	0	0	0	0	0	0	0	0	0	244281456	977125824	0	0	0	0	732844368	0	0	0	0	0	0	0	0	0	0	0	0	0	244281456	488562912	488562912	244281456	0	0	977125824	0	0	0	0	0	0	0	0	0	0	0	0	0	0	0	0	0	0	488563644	0	244281456	0	clubb_standalone	advance_xm_wpxp_module_mp_calc_xm_wpxp_lhs_terms_	[Unknown]	0x725270
advance_wp2_wp3_module_mp_wp2_term_pr3_rhs_	588000000	168000000	31500000	150000048	0	0	12214420	0	0	0	0	256495145	0	0	0	0	122140911	244281822	0	0	0	0	0	122140911	0	0	0	488562912	0	0	0	0	244281822	0	0	0	0	0	0	0	0	0	0	0	488563644	244281822	0	12214420	0	12214909	12214420	0	0	0	0	0	0	0	0	12214909	0	0	0	0	0	488563644	0	0	0	0	0	0	0	0	0	0	0	0	0	0	122140911	0	0	0	0	0	0	0	0	0	0	0	0	0	0	0	0	0	0	0	0	488562912	244281456	0	0	0	0	732844368	24429818	0	0	0	0	0	0	0	0	0	0	0	0	0	244281456	244281456	244281456	244281456	0	1221407280	0	0	0	0	0	0	0	0	0	0	0	0	0	0	0	0	0	0	366422733	0	0	0	clubb_standalone	advance_wp2_wp3_module_mp_wp2_term_pr3_rhs_	[Unknown]	0x6c6540
advance_wp2_wp3_module_mp_wp3_term_tp_lhs_	588000000	210000000	21000000	250000080	0	0	0	0	0	0	0	256495145	0	0	0	0	0	0	0	0	0	0	0	0	0	0	0	244281456	48856950	0	0	0	122140911	0	0	0	0	0	0	0	244281456	0	0	0	0	0	0	36643260	0	24429818	0	0	0	122140911	0	0	0	0	0	0	0	0	0	0	0	366422733	0	0	0	24429818	0	0	0	0	0	0	0	0	0	0	366422733	0	0	0	0	0	0	0	0	0	0	0	0	0	0	0	0	0	0	0	0	488562912	977125824	488562912	732844368	488562912	0	732844368	12214909	0	0	0	0	0	0	0	244281822	0	0	0	0	0	488562912	244281456	244281456	0	244281456	488562912	0	0	0	0	0	0	0	0	0	0	0	0	0	0	0	0	0	0	122140911	0	0	0	clubb_standalone	advance_wp2_wp3_module_mp_wp3_term_tp_lhs_	[Unknown]	0x6cfe10
interpolation_mp_linear_interp_factor_	577500000	84000000	10500000	300000096	0	0	0	0	0	0	0	0	0	0	0	0	0	0	0	48857317	0	0	0	0	0	0	0	244281456	0	0	0	0	122140911	0	0	0	0	0	0	0	0	0	0	0	244281822	0	0	0	0	0	0	0	0	0	0	0	0	0	0	0	0	0	0	12214909	0	122140911	0	0	0	0	0	0	0	0	0	0	0	0	244281456	0	244281822	0	0	0	0	0	0	0	0	0	0	0	0	0	0	0	0	0	0	0	0	0	732844368	0	0	0	0	488562912	0	0	0	0	0	0	0	0	0	0	0	0	0	0	0	0	0	0	0	244281456	0	0	0	0	0	0	0	0	0	0	0	0	0	0	0	0	0	0	0	0	0	0	clubb_standalone	interpolation_mp_linear_interp_factor_	[Unknown]	0x6088c0
clubb_driver_mp_prescribe_forcings_	546000000	294000000	31500000	150000048	0	0	24428840	0	0	0	0	256495145	0	12214420	0	0	0	0	0	97714634	0	0	0	0	12214909	0	0	0	0	0	0	0	0	0	0	0	0	0	0	0	0	0	0	244281822	122140911	122140911	0	0	0	12214909	0	0	0	0	0	0	0	0	0	0	0	0	0	0	0	0	0	0	0	0	0	24428475	0	0	0	0	0	0	244281456	0	0	0	0	244281456	0	0	0	0	0	0	0	0	0	0	0	0	0	1221405843	0	0	0	244281456	0	0	0	0	0	244281456	0	0	0	0	0	0	0	0	0	0	0	0	0	0	0	0	0	0	244281456	0	0	0	0	0	0	0	0	0	0	0	0	0	0	0	0	0	0	0	122140911	0	0	0	clubb_standalone	clubb_driver_mp_prescribe_forcings_	[Unknown]	0x478e10
grid_class_mp_zt2zm2zt_	493500000	73500000	42000000	200000064	0	0	12214420	0	0	0	0	256495145	0	0	0	61071371	0	0	0	0	0	0	0	0	0	0	0	0	24428475	24428475	0	0	0	0	0	0	0	0	0	0	0	0	0	0	0	122140911	0	61072100	0	0	12214420	0	0	0	0	0	0	0	0	0	0	0	0	0	0	122140911	0	0	0	0	0	0	0	0	0	0	0	0	0	0	0	0	0	0	0	0	0	0	0	0	0	0	0	0	0	0	0	0	0	0	0	0	488562912	0	0	0	0	0	0	0	0	0	0	0	0	0	0	0	0	0	0	244281456	488562912	0	0	0	0	244281456	0	0	0	0	0	244281456	0	0	0	0	0	0	0	0	0	0	0	0	244281822	0	0	0	clubb_standalone	grid_class_mp_zt2zm2zt_	[Unknown]	0x7fe590
diffusion_mp_diffusion_zt_lhs_	483000000	189000000	42000000	400000128	0	0	0	0	0	0	0	256495145	0	0	0	122142742	0	0	0	48857317	0	0	0	0	0	0	0	244281456	0	0	0	0	244281822	0	0	244281456	0	0	0	0	0	0	0	0	244281822	0	0	36643260	0	36644727	12214420	0	0	0	0	0	0	0	0	12214909	0	0	0	0	0	610704555	0	0	0	12214909	0	0	0	0	0	0	0	0	0	0	366422733	122140911	0	244281456	0	0	0	0	0	0	0	0	0	0	0	0	0	0	0	0	0	0	732844368	244281456	0	244281456	0	732844368	12214909	12214909	0	0	0	0	0	0	0	0	0	0	0	0	488562912	0	0	0	244281456	732844368	0	0	0	0	0	244281456	0	0	0	0	0	0	0	0	0	0	0	0	244281822	0	0	0	clubb_standalone	diffusion_mp_diffusion_zt_lhs_	[Unknown]	0x604460
__svml_exp4_mask_e9	462000000	168000000	0	100000032	0	0	12214420	0	0	0	0	0	0	0	0	0	0	0	0	97714634	0	0	0	0	0	0	0	0	0	0	0	0	0	0	0	0	0	0	0	0	0	0	0	0	0	0	0	0	0	0	0	0	0	0	0	0	0	0	0	0	0	0	0	0	0	122140911	0	0	0	0	0	0	0	0	0	0	0	0	0	0	122140911	0	0	732844368	0	0	0	0	0	0	0	0	0	0	0	0	0	0	0	0	0	0	488562912	0	0	0	0	488562912	12214909	0	0	0	0	0	0	0	122140911	0	0	0	244281456	244281456	0	0	0	0	0	244281456	0	0	0	0	0	0	0	0	0	0	0	0	0	0	0	0	0	0	366422733	0	0	0	clubb_standalone	__svml_exp4_mask_e9	[Unknown]	0x9476a0
advance_wp2_wp3_module_mp_wp2_term_ta_lhs_	462000000	136500000	0	300000096	0	0	0	0	0	0	0	0	0	0	0	61071371	0	0	0	0	0	0	0	0	0	0	0	244281456	48856950	0	0	0	0	0	0	0	0	0	0	0	0	0	0	0	244281822	0	0	0	0	0	0	0	0	0	0	0	0	0	0	0	0	0	0	0	0	122140911	0	0	0	0	0	0	0	0	0	0	0	0	0	0	0	0	0	0	0	0	0	0	0	0	0	0	0	0	0	0	0	0	0	0	0	0	977125824	0	0	0	0	488562912	12214909	0	0	0	0	0	0	122140911	0	0	0	0	0	0	0	244281456	0	0	244281456	732844368	0	0	0	0	0	0	0	0	0	0	0	0	0	0	0	0	0	0	122140911	0	0	0	clubb_standalone	advance_wp2_wp3_module_mp_wp2_term_ta_lhs_	[Unknown]	0x6c3c60
t_in_k_module_mp_thlm2t_in_k_2d_	451500000	126000000	31500000	300000096	0	0	12214420	0	0	0	0	0	0	0	0	0	0	0	0	48857317	0	0	0	0	0	0	0	0	0	0	0	0	122140911	0	0	0	0	0	0	0	0	0	0	0	0	0	0	0	0	0	0	0	0	122140911	0	0	0	0	0	0	0	0	0	0	0	0	0	0	0	0	0	0	0	0	0	0	0	244281456	0	0	244281822	0	0	732844368	0	0	0	0	0	0	0	0	0	0	0	0	0	0	0	0	0	0	244281456	244281456	0	0	0	0	0	0	0	0	0	0	0	0	0	0	0	0	0	0	0	244281456	244281456	244281456	0	732844368	0	0	0	0	0	0	0	0	0	0	0	0	0	0	0	0	0	0	122140911	0	732844368	0	clubb_standalone	t_in_k_module_mp_thlm2t_in_k_2d_	[Unknown]	0x6fcf30
advance_clubb_core_module_mp_clip_rcm_	441000000	42000000	42000000	300000096	0	0	61072100	0	0	0	0	0	0	0	0	0	0	0	0	48857317	0	0	0	0	0	0	0	0	0	0	0	0	0	0	0	0	0	0	0	0	0	0	0	0	0	0	0	0	0	0	0	0	0	0	0	0	0	0	0	0	0	0	0	12214909	0	0	0	0	0	0	0	0	0	0	0	0	0	0	0	0	244281822	0	0	244281456	0	0	0	0	0	0	0	0	0	0	0	0	0	0	0	0	0	0	488562912	0	0	0	0	0	12214909	0	0	0	0	0	0	0	0	0	0	0	0	0	0	0	0	0	0	977125824	0	0	0	0	0	0	0	0	0	0	0	0	0	0	0	0	0	0	122140911	0	0	0	clubb_standalone	advance_clubb_core_module_mp_clip_rcm_	[Unknown]	0x5fe1f0
for_fpe_service	388500000	304500000	42000000	800000256	0	0	24428840	0	0	0	0	512990290	0	0	0	61071371	0	0	0	0	0	0	0	0	12214909	0	0	732844368	0	0	0	0	0	366422733	0	0	0	0	0	0	0	0	0	0	0	244281822	0	0	0	0	0	0	0	0	0	0	0	0	0	0	0	0	0	0	0	0	0	0	0	0	0	0	0	122140911	0	0	0	0	0	0	732845466	0	0	244281456	0	0	0	0	122140911	0	0	0	0	0	0	158787460	0	0	0	0	0	0	0	244281456	0	0	0	488562912	0	0	0	0	0	0	0	0	0	0	0	0	244281456	0	244281456	244281456	0	488562912	244281456	1221407280	0	0	0	0	0	0	0	0	0	0	0	0	0	0	0	0	0	0	122140911	0	0	0	clubb_standalone	for_fpe_service	[Unknown]	0x8cde10
mono_flux_limiter_mp_mean_vert_vel_up_down_	388500000	84000000	0	200000064	0	0	0	0	0	0	0	256495145	0	0	0	0	0	0	0	97714634	0	0	0	0	0	0	0	488562912	0	0	0	0	0	0	0	0	0	0	0	0	0	0	0	0	122140911	0	0	12214420	0	0	0	0	0	0	0	0	0	0	0	0	0	0	0	0	0	0	0	0	0	0	0	0	0	0	0	0	0	0	0	0	0	0	0	488562912	0	0	0	0	0	0	0	0	0	0	0	0	0	0	0	0	0	0	0	0	0	0	0	0	0	0	0	0	0	0	0	0	0	0	0	0	0	0	0	0	0	244281456	0	732844368	0	0	0	0	0	0	0	0	0	0	0	0	0	0	0	0	0	0	122140911	0	0	0	clubb_standalone	mono_flux_limiter_mp_mean_vert_vel_up_down_	[Unknown]	0x820a80
advance_xm_wpxp_module_mp_wpxp_term_tp_lhs_	315000000	63000000	10500000	150000048	0	0	24428840	0	0	0	0	0	0	0	0	0	0	0	0	48857317	0	0	0	0	0	0	0	0	0	0	0	0	0	0	0	0	0	0	0	0	0	0	0	0	0	0	0	0	0	12214909	0	0	0	122140911	0	0	0	0	0	0	0	0	0	0	0	0	0	0	0	0	0	0	0	0	0	0	0	0	0	0	122140911	0	0	0	0	0	0	0	0	0	0	0	0	0	0	0	0	0	0	0	0	244281456	732844368	0	0	0	0	0	0	0	0	0	0	0	0	0	0	0	0	0	244281456	0	0	0	0	244281456	0	244281456	0	0	0	0	0	0	0	0	0	0	0	0	0	0	0	0	0	0	122140911	0	0	0	clubb_standalone	advance_xm_wpxp_module_mp_wpxp_term_tp_lhs_	[Unknown]	0x73de60
advance_helper_module_mp_calc_ri_zm_	294000000	84000000	10500000	0	0	0	24428840	0	0	0	0	512990290	0	0	0	0	122140911	122140911	0	48857317	0	0	0	0	0	0	0	0	0	24428475	0	0	0	0	0	0	0	0	0	0	0	0	0	0	0	0	0	0	0	0	0	0	0	0	0	0	0	0	0	0	0	0	0	0	0	244281822	0	0	0	0	0	0	0	0	0	0	0	0	0	0	122140911	0	0	488562912	0	0	0	0	0	0	0	0	0	0	0	0	0	0	0	0	0	244281456	488562912	0	0	0	0	244281456	12214909	0	0	0	0	0	0	122140911	0	0	0	0	244281456	0	0	244281456	244281456	0	244281456	488562912	0	0	0	0	0	0	0	0	0	0	0	0	0	0	0	0	0	0	0	0	0	0	clubb_standalone	advance_helper_module_mp_calc_ri_zm_	[Unknown]	0x6f7ce0
advance_helper_module_mp_wp2_term_splat_lhs_	294000000	126000000	52500000	350000112	0	0	0	0	0	0	244281456	256495145	0	0	0	0	122140911	0	0	244286585	0	0	0	0	0	0	0	0	0	0	0	0	122140911	0	0	0	0	0	0	0	0	0	0	0	0	0	0	0	0	0	0	0	0	0	0	0	0	0	0	0	0	0	0	0	0	122140911	0	0	0	0	0	0	0	0	0	0	0	0	0	0	0	0	0	0	0	0	0	0	0	0	0	0	0	0	0	0	0	0	1221405843	0	0	0	488562912	0	0	0	0	488562912	0	0	0	0	0	0	0	122140911	0	0	0	0	0	0	0	0	244281456	0	0	488562912	0	0	0	0	0	0	0	0	0	0	0	0	0	0	0	0	0	0	0	0	0	0	clubb_standalone	advance_helper_module_mp_wp2_term_splat_lhs_	[Unknown]	0x6f85a0
advance_helper_module_mp_wp3_term_splat_lhs_	294000000	199500000	21000000	350000112	0	0	12214420	0	0	0	0	0	0	0	0	0	122140911	0	0	0	0	0	0	0	0	0	0	488562912	0	0	0	0	488563644	0	0	0	0	0	0	0	0	0	0	0	0	0	0	0	0	0	0	0	0	0	0	0	0	0	0	0	0	0	0	0	0	0	0	0	0	0	0	0	0	0	0	0	0	0	0	0	122140911	0	0	0	0	0	0	0	0	0	0	0	0	0	0	0	0	1221405843	0	0	0	244281456	244281456	0	0	0	0	244281456	0	0	0	0	0	0	0	0	0	0	0	0	244281456	0	0	0	0	244281456	244281456	0	0	0	0	0	0	0	0	0	0	0	0	0	0	0	0	0	0	0	244281822	0	0	0	clubb_standalone	advance_helper_module_mp_wp3_term_splat_lhs_	[Unknown]	0x6f8b50
advance_wp2_wp3_module_mp_wp2_term_dp1_rhs_	294000000	63000000	31500000	50000016	0	0	0	0	0	0	0	0	0	0	0	0	0	0	0	0	0	0	0	0	0	0	0	0	0	0	0	0	0	0	0	0	0	0	0	0	0	0	0	0	0	0	0	0	0	0	0	0	0	0	0	0	0	0	0	0	0	0	0	0	0	0	0	0	0	0	0	0	0	0	0	0	0	0	0	0	0	0	0	0	0	0	0	0	0	0	0	0	0	0	0	0	0	0	0	0	0	0	244281456	0	0	0	0	0	0	0	0	0	0	0	0	0	0	0	0	0	0	0	0	0	0	0	0	0	0	0	0	0	0	0	0	0	0	0	0	0	0	0	0	0	0	0	244281822	0	244281456	0	clubb_standalone	advance_wp2_wp3_module_mp_wp2_term_dp1_rhs_	[Unknown]	0x6c6290
advance_xm_wpxp_module_mp_wpxp_term_pr1_lhs_	294000000	63000000	10500000	250000080	0	0	12214420	0	0	0	0	0	0	0	0	0	0	0	0	48857317	0	0	0	0	0	0	0	244281456	0	0	0	0	0	0	0	0	0	0	0	0	0	0	0	0	244281822	122140911	0	0	0	0	0	0	0	0	0	0	0	0	0	0	0	0	0	0	0	0	0	0	0	0	0	0	0	0	0	0	0	244281456	0	0	0	0	0	488562912	0	0	0	0	0	0	0	0	0	0	0	0	0	0	0	0	0	244281456	0	244281456	0	0	0	244281456	0	0	0	0	0	0	0	0	0	0	0	0	0	0	0	0	0	0	0	0	0	0	0	0	0	0	0	0	0	0	0	0	0	0	0	0	0	0	244281822	0	0	0	clubb_standalone	advance_xm_wpxp_module_mp_wpxp_term_pr1_lhs_	[Unknown]	0x73ea00
__svml_exp4	283500000	42000000	10500000	100000032	0	0	0	0	0	0	0	0	0	0	0	0	0	0	0	0	0	0	0	0	0	0	0	244281456	0	0	0	0	0	0	0	0	0	0	0	0	0	0	0	0	0	0	0	0	0	0	0	0	0	0	0	0	0	0	0	0	0	0	0	0	0	0	0	0	0	0	0	0	0	0	0	0	0	0	244281456	0	0	0	0	0	0	0	0	0	0	0	0	0	0	0	0	0	0	0	0	0	0	0	244281456	0	0	0	0	244281456	12214909	0	0	0	0	0	0	0	122140911	0	0	0	0	0	0	0	0	0	0	244281456	0	0	0	0	0	0	0	0	0	0	0	0	0	0	0	0	0	0	0	0	0	0	clubb_standalone	__svml_exp4	[Unknown]	0x94bac0
advance_wp2_wp3_module_mp_wp3_term_pr_turb_rhs_	241500000	31500000	0	0	0	0	0	0	0	0	0	256495145	0	0	0	0	0	0	0	0	0	0	0	0	0	0	0	244281456	0	0	0	0	122140911	0	0	0	0	0	0	0	0	0	0	0	0	0	0	24428840	0	12214909	12214420	0	0	0	0	0	0	0	0	0	0	0	0	0	0	244281822	0	0	0	0	0	0	0	0	0	0	0	0	0	0	0	0	0	244281456	0	0	0	0	0	0	0	0	0	0	0	0	0	0	0	0	0	0	488562912	0	0	0	0	977125824	0	0	0	0	0	0	0	0	244281822	0	0	0	0	0	244281456	0	0	0	0	244281456	0	0	0	0	0	0	0	0	0	0	0	0	0	0	0	0	0	0	0	0	0	0	clubb_standalone	advance_wp2_wp3_module_mp_wp3_term_pr_turb_rhs_	[Unknown]	0x6d3870
__GI_____strtoll_l_internal	231000000	63000000	0	50000016	0	0	36643260	0	0	0	0	0	0	0	0	0	0	0	0	146571951	0	0	0	0	0	0	0	0	0	0	0	0	0	0	0	0	0	0	0	0	0	0	0	0	122140911	122140911	0	0	0	0	0	0	0	0	0	0	0	0	0	0	0	0	0	0	0	0	0	0	0	0	0	0	0	0	0	0	0	0	0	0	0	0	0	732844368	0	0	0	0	0	0	0	0	0	0	0	0	0	0	0	0	0	0	0	0	0	0	0	244281456	12214909	0	0	0	0	0	0	0	0	0	0	0	0	0	0	0	244281456	0	0	0	0	0	0	0	0	0	0	0	0	0	0	0	0	0	0	0	0	0	0	0	0	0	libc-2.31.so	__GI_____strtoll_l_internal	[Unknown]	0x4ffee
grid_class_mp_linear_interpolated_azm_2d_	178500000	73500000	0	150000048	0	0	0	0	0	0	0	256495145	0	0	0	0	0	0	0	0	0	0	0	0	0	0	0	244281456	0	0	0	0	0	0	0	0	0	0	0	0	0	0	0	0	244281822	0	0	0	0	24429818	0	0	0	0	0	0	0	0	0	0	0	0	0	12214909	0	0	0	0	0	0	0	0	0	0	0	0	0	0	0	0	122140911	0	0	0	0	0	0	0	0	0	0	0	0	0	0	0	0	0	0	0	0	0	488562912	0	0	0	0	244281456	0	0	0	0	0	0	0	0	0	0	0	0	244281456	0	0	0	0	0	0	0	0	0	0	0	0	0	0	0	0	0	0	0	0	0	0	0	0	0	122140911	0	0	0	clubb_standalone	grid_class_mp_linear_interpolated_azm_2d_	[Unknown]	0x7fc330
advance_wp2_wp3_module_mp_wp3_term_pr1_lhs_	157500000	52500000	31500000	50000016	0	0	0	0	0	0	0	0	0	0	0	0	0	0	0	0	0	0	0	0	0	0	0	0	24428475	0	0	0	0	0	0	0	0	0	0	0	0	0	0	0	122140911	0	0	0	0	0	12214420	0	0	0	0	0	0	0	0	0	0	0	0	0	0	0	0	0	0	0	0	0	0	0	0	0	0	0	0	0	122140911	0	0	0	0	0	0	0	0	0	0	0	0	0	0	0	0	0	0	0	0	0	0	0	0	0	0	0	12214909	0	0	0	0	0	0	0	0	0	0	0	0	0	0	0	0	0	0	0	0	0	0	0	0	0	0	0	0	0	0	0	0	0	0	0	0	0	0	0	0	0	clubb_standalone	advance_wp2_wp3_module_mp_wp3_term_pr1_lhs_	[Unknown]	0x6d1a70
advance_wp2_wp3_module_mp_wp3_term_pr1_rhs_	157500000	31500000	0	50000016	0	0	0	0	0	0	0	0	0	0	0	61071371	0	0	0	0	0	0	0	0	0	0	0	0	0	0	12214420	0	0	0	0	0	0	0	0	0	0	0	0	0	0	0	0	0	0	0	0	0	0	0	0	0	0	0	0	0	0	0	0	12214909	0	0	0	0	0	0	0	0	0	0	0	0	0	0	0	0	0	0	0	0	0	0	0	0	0	0	0	0	0	0	0	0	0	0	0	0	0	0	244281456	0	0	0	0	244281456	12214909	0	0	0	0	0	0	0	122140911	0	0	0	0	0	0	0	0	0	0	0	0	0	0	0	0	0	0	0	0	0	0	0	0	0	0	0	0	0	122140911	0	0	0	clubb_standalone	advance_wp2_wp3_module_mp_wp3_term_pr1_rhs_	[Unknown]	0x6d6e40
advance_windm_edsclrm_module_mp_advance_windm_edsclrm_	147000000	10500000	0	0	0	0	0	0	0	0	0	0	0	0	0	0	0	0	0	0	0	0	0	0	0	0	0	0	0	0	0	0	0	0	0	0	0	0	0	0	0	0	0	0	0	0	0	0	0	24429818	0	0	0	0	0	0	0	0	0	0	0	0	0	0	0	0	0	0	0	0	0	0	0	0	0	0	0	0	0	0	0	122140911	0	0	0	0	0	0	0	0	0	0	0	0	0	0	0	0	1221405843	0	0	0	0	0	0	0	0	0	0	0	0	0	0	0	0	0	0	0	0	0	0	0	0	0	0	0	0	0	0	0	0	0	0	0	0	0	0	0	0	0	0	0	0	0	0	0	0	0	0	0	clubb_standalone	advance_windm_edsclrm_module_mp_advance_windm_edsclrm_	[Unknown]	0x756460
mixing_length_mp_calc_lscale_directly_	126000000	73500000	21000000	200000064	0	0	0	0	0	0	0	0	0	0	0	0	0	0	0	48857317	0	0	0	0	0	0	0	0	0	0	0	0	0	0	0	0	0	0	0	0	0	0	0	0	0	0	0	0	122140911	12214909	0	0	0	0	0	0	0	0	0	0	0	0	0	0	0	0	0	0	0	0	0	0	0	0	0	0	0	0	0	0	610704555	0	0	244281456	0	0	0	0	0	0	0	0	0	0	0	0	0	0	0	0	0	0	244281456	0	0	0	0	0	0	0	0	0	0	0	0	0	0	0	0	0	0	0	244281456	0	0	0	0	244281456	0	0	0	0	0	0	0	0	0	0	0	0	0	0	0	0	0	0	0	0	0	0	clubb_standalone	mixing_length_mp_calc_lscale_directly_	[Unknown]	0x810200
__svml_erf4_l9	115500000	10500000	0	0	0	0	0	0	0	0	0	0	0	0	0	0	0	0	0	48857317	0	0	0	0	0	0	0	0	0	0	0	0	0	0	0	0	0	0	0	0	0	0	0	0	0	0	0	0	0	0	0	0	0	0	0	0	0	0	0	0	0	0	0	0	0	0	0	0	0	0	0	0	0	0	0	0	0	0	0	0	0	0	0	244281456	0	0	244281456	0	0	0	0	0	0	0	0	0	0	0	0	0	0	0	0	0	0	0	0	244281456	0	0	0	0	0	0	0	0	0	0	0	0	0	0	0	0	0	0	0	244281456	0	0	0	0	0	244281456	0	0	0	0	0	0	0	0	0	0	0	0	0	0	0	0	clubb_standalone	__svml_erf4_l9	[Unknown]	0x94d710
do_deallocate_all	115500000	10500000	0	0	0	0	12214420	0	0	0	0	0	0	0	0	0	0	0	0	48857317	0	0	0	0	0	0	0	0	0	0	0	0	122140911	0	0	0	0	0	0	0	0	0	0	0	0	0	0	0	0	0	0	0	0	0	0	0	0	0	0	0	0	0	0	0	0	0	0	0	0	0	0	0	0	0	0	0	0	0	0	0	244281822	0	0	0	0	0	0	0	0	0	0	0	0	0	0	0	0	0	0	0	0	0	244281456	0	0	0	0	0	0	0	0	0	0	0	0	0	0	0	0	0	0	0	0	0	0	0	0	244281456	0	0	0	0	0	0	0	0	0	0	0	0	0	0	0	0	0	0	122140911	0	0	0	clubb_standalone	do_deallocate_all	[Unknown]	0x8bfff0
for_cpstr	105000000	31500000	0	200000064	0	0	12214420	0	0	0	0	256495145	0	0	0	0	0	0	0	0	0	0	0	0	0	0	0	0	0	0	0	0	122140911	0	0	0	0	0	0	0	0	0	0	0	0	0	0	0	0	0	0	0	0	0	0	0	0	0	0	0	0	0	0	0	0	0	0	0	0	0	0	0	0	0	0	0	0	0	0	0	244281822	0	0	244281456	0	0	0	0	0	0	0	0	0	0	0	0	0	0	0	0	0	0	0	0	0	0	0	0	0	0	0	0	0	0	0	0	0	0	0	0	0	0	0	0	0	0	0	244281456	0	0	0	0	0	0	0	0	0	0	0	0	0	0	0	0	0	0	0	0	0	0	clubb_standalone	for_cpstr	[Unknown]	0x911d20
__memcmp_evex_movbe	52500000	52500000	0	0	0	0	0	0	0	0	0	0	0	0	0	0	0	0	0	0	0	0	0	0	0	0	0	0	0	0	0	0	0	122140911	0	0	0	0	0	0	0	0	0	0	0	0	0	0	0	0	0	0	0	0	0	0	0	0	0	0	0	0	0	0	0	0	0	0	0	0	0	0	0	0	0	0	0	0	0	0	0	0	0	244281456	0	0	0	0	0	0	0	0	0	0	0	12214420	0	0	0	0	0	0	0	0	0	0	0	0	0	0	0	0	0	0	0	0	0	0	0	0	0	0	0	0	0	0	0	0	0	0	0	0	0	0	0	0	0	0	0	0	0	0	0	0	0	0	122140911	0	0	0	libc-2.31.so	__memcmp_evex_movbe	[Unknown]	0x1906de
__libm_log_l9	42000000	31500000	0	0	0	0	0	0	0	0	0	256495145	0	0	0	0	0	0	0	0	0	0	0	0	0	0	0	0	0	0	0	0	0	0	0	0	0	0	0	0	0	0	0	0	0	0	0	0	0	0	0	0	0	0	0	0	0	0	0	0	0	0	0	0	0	122140911	0	0	0	0	0	0	0	0	0	0	0	0	0	0	122140911	0	0	0	0	0	0	0	0	0	0	0	0	0	0	0	0	0	0	0	0	0	0	0	0	0	0	0	0	0	0	0	0	0	0	122140911	0	0	0	0	0	0	0	0	0	0	0	244281456	0	0	0	0	0	0	0	0	0	0	0	0	0	0	0	0	0	0	0	0	0	0	libimf.so	__libm_log_l9	[Unknown]	0x30e960
diag_ustar_module_mp_diag_ustar_	42000000	21000000	0	0	0	0	0	0	0	0	0	0	0	0	0	0	0	0	0	0	0	0	0	0	0	0	0	0	0	0	0	0	0	244281822	0	0	0	0	0	0	0	0	0	0	0	0	0	0	0	0	0	0	0	0	0	0	0	0	0	0	0	0	0	0	0	0	0	0	0	0	0	0	0	0	0	0	0	0	0	0	0	0	0	0	0	0	0	0	0	0	0	0	0	0	0	0	0	0	0	0	0	0	0	244281456	0	0	0	0	0	0	0	0	0	0	0	122140911	0	0	0	0	0	0	0	0	0	0	0	0	0	0	0	0	0	0	0	0	0	0	0	0	0	0	0	0	0	0	0	0	0	0	clubb_standalone	diag_ustar_module_mp_diag_ustar_	[Unknown]	0x4bb7f0
uname	42000000	105000000	0	100000032	0	0	0	0	0	0	0	256495145	0	0	0	0	0	0	0	0	0	0	0	0	0	0	0	0	0	0	0	0	0	0	0	0	0	0	0	0	0	0	0	0	0	0	0	0	0	12214909	0	0	0	0	0	0	0	0	0	0	0	0	0	0	0	0	0	0	0	0	0	0	0	0	0	0	0	0	0	0	122140911	0	0	0	0	0	0	0	0	0	0	0	0	0	0	12214420	0	0	0	0	0	0	0	244281456	0	0	0	0	0	0	0	0	0	0	0	0	0	0	0	0	0	0	0	0	0	0	0	0	0	0	0	0	0	0	0	0	0	0	0	0	0	0	0	0	0	0	122140911	0	0	0	libc-2.31.so	uname	[Unknown]	0xe1a4e
__svml_erf4_mask_e9	31500000	0	0	0	0	0	0	0	0	0	0	0	0	0	0	0	0	0	0	0	0	0	0	0	0	0	0	0	0	0	0	0	0	0	0	0	0	0	0	0	0	0	0	0	0	0	0	0	0	0	0	0	0	0	0	0	0	0	0	0	0	0	0	0	0	0	0	0	0	0	0	0	0	0	0	0	0	0	0	0	0	0	0	244281456	0	0	0	0	0	0	0	0	0	0	0	0	0	0	0	0	0	0	0	0	0	0	0	244281456	0	0	0	0	0	0	0	0	0	0	0	0	0	0	0	0	0	0	0	0	0	0	0	0	0	0	0	0	0	0	0	0	0	0	0	0	0	0	0	0	0	0	clubb_standalone	__svml_erf4_mask_e9	[Unknown]	0x9471d0
sfc_varnce_module_mp_calc_sfc_varnce_	31500000	31500000	0	0	1221405843	0	0	0	0	0	0	0	0	0	0	0	0	0	0	0	0	0	0	0	0	0	0	0	24428475	0	0	0	0	0	0	0	0	0	0	0	0	0	0	0	122140911	0	0	0	0	0	0	0	0	0	0	0	0	0	0	0	0	0	0	0	0	0	0	0	0	0	0	0	0	0	0	0	0	0	0	0	0	0	0	0	0	0	0	0	0	0	0	0	0	0	0	0	0	0	0	0	0	0	0	0	0	0	0	0	0	0	0	0	0	0	0	0	0	0	0	0	0	0	0	0	0	0	0	0	0	0	0	0	0	0	0	0	0	0	0	0	0	0	0	0	0	0	0	0	0	0	clubb_standalone	sfc_varnce_module_mp_calc_sfc_varnce_	[Unknown]	0x70b330
__libm_atan_z0	21000000	0	0	0	0	0	0	0	0	0	0	0	0	0	0	0	0	0	0	0	0	0	0	0	0	0	0	0	0	0	0	0	0	0	0	0	0	0	0	0	0	0	0	0	0	0	0	0	0	0	0	0	0	122140911	0	0	0	0	0	0	0	0	0	0	0	0	0	0	0	0	0	0	0	0	0	0	0	0	0	0	0	0	0	0	0	0	0	0	0	0	0	0	0	0	0	0	0	0	0	0	0	0	0	0	0	0	0	0	0	0	0	0	0	0	0	0	0	0	0	0	0	0	0	0	0	0	0	0	0	0	0	0	0	0	0	0	0	0	0	0	0	0	0	0	0	0	0	0	0	0	libimf.so	__libm_atan_z0	[Unknown]	0x312450
__libm_pow_l9	21000000	10500000	0	50000016	0	0	0	0	0	0	0	0	0	0	0	0	0	0	0	0	0	0	0	0	0	0	0	0	0	0	0	0	0	0	0	0	0	0	0	0	0	0	0	0	0	0	0	0	0	0	0	0	0	0	0	0	0	0	0	0	0	0	0	0	0	0	0	0	0	0	0	0	0	0	0	0	0	0	0	0	0	0	0	0	0	0	0	0	0	0	0	0	0	0	0	0	0	0	0	0	0	0	0	0	0	0	0	0	0	0	0	0	0	0	0	0	0	0	0	0	0	0	0	0	0	0	0	244281456	0	0	0	0	0	0	0	0	0	0	0	0	0	0	0	0	0	0	0	0	0	0	libimf.so	__libm_pow_l9	[Unknown]	0x3112e0
__svml_pow1_l9	21000000	10500000	21000000	0	0	0	0	0	0	0	0	0	0	0	0	0	0	0	0	0	0	0	0	0	0	0	0	0	0	0	0	0	0	0	0	0	0	0	0	0	0	0	0	0	0	0	0	0	0	0	0	0	0	0	0	0	0	0	0	0	0	0	0	0	0	0	0	0	0	0	0	0	0	0	0	0	0	0	0	0	0	0	0	0	0	0	0	0	0	0	0	0	0	0	0	0	0	0	0	0	0	0	0	0	0	0	0	0	0	0	0	0	0	0	0	0	0	0	0	0	0	0	0	0	0	0	0	0	0	0	0	0	0	0	0	0	0	0	0	0	0	0	0	0	0	0	0	0	0	0	clubb_standalone	__svml_pow1_l9	[Unknown]	0x9485f0
advance_xp2_xpyp_module_mp_xp2_xpyp_solve_	21000000	21000000	10500000	0	0	0	0	0	0	0	0	0	0	0	0	0	0	0	0	0	0	0	0	0	0	0	0	0	0	0	0	0	0	0	0	0	0	0	0	0	0	0	0	0	0	0	0	0	0	0	0	0	0	0	0	0	0	0	0	0	0	0	0	0	0	122140911	0	0	0	0	0	0	0	0	0	0	0	0	0	0	122140911	0	0	0	0	0	0	0	0	0	0	0	0	0	0	0	0	0	0	0	0	0	244281456	0	0	0	0	0	0	0	0	0	0	0	0	0	0	0	0	0	0	0	0	0	0	0	0	0	0	0	0	0	0	0	0	0	0	0	0	0	0	0	0	0	0	0	0	0	0	0	clubb_standalone	advance_xp2_xpyp_module_mp_xp2_xpyp_solve_	[Unknown]	0x7b80e0
for_cpusec_t	21000000	42000000	21000000	0	0	0	0	0	0	0	0	0	0	0	0	0	0	0	0	0	0	0	0	0	0	0	0	0	0	0	0	0	0	244281822	0	0	0	0	0	0	0	0	0	0	0	0	0	0	0	0	0	0	0	0	0	0	0	0	0	0	0	0	0	0	0	0	0	0	0	0	0	0	0	0	0	0	0	0	0	0	122140911	0	0	0	0	0	0	0	0	0	0	0	0	0	0	36643260	0	0	0	0	0	0	0	0	0	0	0	0	0	0	0	0	0	0	0	0	0	0	0	0	244281456	0	0	0	0	0	0	0	0	0	0	0	0	0	0	0	0	0	0	0	0	0	0	0	0	0	122140911	0	0	0	clubb_standalone	for_cpusec_t	[Unknown]	0x8f1750
for_trim	21000000	0	10500000	0	0	0	0	0	0	0	0	0	0	0	0	0	0	0	0	0	0	0	0	0	0	0	0	0	0	0	0	0	244281822	0	0	0	0	0	0	0	0	0	0	0	0	0	0	0	0	0	0	0	0	0	0	0	0	0	0	0	0	0	0	0	0	0	0	0	0	0	0	0	0	0	0	0	0	0	0	0	0	0	0	0	0	0	0	0	0	0	0	0	0	0	0	0	0	0	0	0	0	0	0	0	0	0	0	0	0	0	0	0	0	0	0	0	0	0	0	0	0	0	0	0	0	0	0	0	0	0	0	0	0	0	0	0	0	0	0	0	0	0	0	0	0	0	0	0	0	0	clubb_standalone	for_trim	[Unknown]	0x9109e0
getrusage	21000000	42000000	10500000	0	0	0	0	0	0	0	0	0	0	0	0	0	0	0	0	0	0	0	0	0	0	0	0	0	0	0	0	0	0	122140911	0	0	0	0	0	0	0	0	0	0	0	0	0	0	0	0	0	0	0	0	0	0	0	0	0	0	0	0	0	0	0	0	0	0	0	0	0	0	0	0	0	0	0	0	0	0	122140911	0	0	0	0	0	0	0	0	0	0	0	0	0	0	12214420	0	0	0	0	0	0	0	0	0	0	0	0	0	0	0	0	0	0	0	0	0	0	0	0	0	0	0	0	0	0	0	0	0	0	0	0	0	0	0	0	0	0	0	0	0	0	0	0	0	0	0	0	0	0	libc-2.31.so	getrusage	[Unknown]	0x10ceae
advance_xp2_xpyp_module_mp_pos_definite_variances_	10500000	0	0	0	0	0	0	0	0	0	0	256495145	0	0	0	0	0	0	0	0	0	0	0	0	0	0	0	0	0	0	0	0	0	0	0	0	0	0	0	0	0	0	0	0	0	0	0	0	0	0	0	0	0	0	0	0	0	0	0	0	0	0	0	0	0	122140911	0	0	0	0	0	0	0	0	0	0	0	0	0	0	0	0	0	0	0	0	0	0	0	0	0	0	0	0	0	0	0	0	0	0	0	0	0	0	0	0	0	0	0	0	0	0	0	0	0	0	0	0	0	0	0	0	0	0	0	0	0	0	0	0	0	0	0	0	0	0	0	0	0	0	0	0	0	0	0	0	0	0	0	0	clubb_standalone	advance_xp2_xpyp_module_mp_pos_definite_variances_	[Unknown]	0x7da340
clip_explicit_mp_clip_covars_denom_	10500000	0	0	50000016	0	0	0	0	0	0	0	0	0	0	0	0	0	0	0	0	0	0	0	0	0	0	0	0	0	24428475	0	0	0	0	0	0	0	0	0	0	0	0	0	0	0	0	0	0	0	12214909	0	0	0	0	0	0	0	0	0	0	0	0	0	0	0	0	0	0	0	0	0	0	0	0	0	0	0	0	0	0	0	0	0	0	0	0	0	0	0	0	0	0	0	0	0	0	0	0	0	0	0	0	244281456	0	0	0	0	0	0	0	0	0	0	0	0	0	0	0	0	0	0	0	0	0	0	0	0	0	0	0	0	0	0	0	0	0	0	0	0	0	0	0	0	0	0	0	0	0	0	0	clubb_standalone	clip_explicit_mp_clip_covars_denom_	[Unknown]	0x748300
clubb_api_module_mp_advance_clubb_core_api_multi_col_	10500000	10500000	0	0	0	0	0	0	0	0	0	0	0	0	0	0	0	0	0	0	0	0	0	0	0	0	0	0	0	0	0	0	0	0	0	0	0	0	0	0	0	0	0	0	0	0	0	0	0	0	0	0	0	0	0	0	0	0	0	0	0	0	0	0	0	0	0	0	0	0	0	0	0	0	0	0	0	0	0	0	0	0	0	0	0	0	0	0	0	0	0	0	0	0	0	0	0	0	0	0	0	0	0	0	0	0	0	244281456	0	0	0	0	0	0	0	0	0	0	0	0	0	0	0	0	0	0	0	244281456	0	0	0	0	0	0	0	0	0	0	0	0	0	0	0	0	0	0	0	0	0	0	clubb_standalone	clubb_api_module_mp_advance_clubb_core_api_multi_col_	[Unknown]	0x6e0900
clubb_driver_mp_read_surface_var_for_bc_	10500000	42000000	0	50000016	0	0	0	0	0	0	0	0	0	0	0	0	0	0	0	0	0	0	0	122140911	0	0	0	0	0	24428475	0	0	0	0	0	0	0	0	0	0	0	0	0	0	0	0	0	0	0	0	0	0	0	0	0	0	0	0	0	0	0	0	0	0	0	0	0	0	0	0	0	0	0	0	0	0	0	0	0	0	0	0	0	0	0	0	0	0	0	0	0	0	0	0	0	0	0	0	0	0	0	0	0	0	0	0	0	0	0	0	0	0	0	0	0	0	0	0	0	0	0	0	0	0	0	0	0	0	0	0	0	0	0	0	0	0	0	0	0	0	0	0	0	0	0	0	0	0	0	0	clubb_standalone	clubb_driver_mp_read_surface_var_for_bc_	[Unknown]	0x47c630
do_lookup_x	10500000	0	0	0	0	0	0	0	0	0	0	0	0	0	0	0	0	0	0	0	0	0	0	0	0	0	0	0	0	0	0	0	0	0	0	0	0	0	0	0	0	0	0	0	0	0	0	0	0	0	0	0	0	0	0	0	0	0	0	0	0	0	0	0	0	0	0	0	0	0	0	0	0	0	0	0	0	0	0	0	0	0	0	0	0	0	0	0	0	0	0	0	0	0	0	0	0	0	0	0	0	0	0	0	0	0	0	0	0	0	0	0	0	0	0	0	0	0	0	0	0	0	0	0	0	0	0	0	0	0	0	0	0	0	0	0	0	0	0	0	0	0	0	0	0	0	0	0	0	0	ld-2.31.so	do_lookup_x	[Unknown]	0xb1be
error_code_mp_clubb_at_least_debug_level_	10500000	10500000	0	50000016	0	0	0	0	0	0	0	0	0	0	0	0	0	0	0	0	0	0	0	0	0	0	0	0	0	0	0	0	0	0	0	0	0	0	0	0	0	0	0	0	0	0	0	0	0	0	0	0	0	0	0	0	0	0	0	0	0	0	0	0	0	0	0	24428475	0	0	0	0	0	0	0	0	0	0	0	0	0	0	0	0	0	0	0	0	0	0	0	0	0	0	0	0	0	0	0	0	0	0	0	0	0	0	0	0	0	0	0	0	0	0	0	0	0	0	0	0	0	0	0	0	0	0	0	0	0	0	0	0	0	0	0	0	0	0	0	0	0	0	0	0	0	0	0	0	0	0	clubb_standalone	error_code_mp_clubb_at_least_debug_level_	[Unknown]	0x69ab90
for__nml_lex	10500000	0	0	0	0	0	0	0	0	0	0	0	0	0	0	0	0	0	0	0	0	0	0	0	0	0	0	0	0	0	0	0	0	0	0	0	0	0	0	0	0	0	0	0	0	0	0	0	0	0	0	0	0	0	0	0	0	0	0	0	0	0	0	0	0	0	0	0	0	0	0	0	0	0	0	0	0	0	0	0	0	0	0	0	0	0	0	0	0	0	0	0	0	0	0	0	0	0	0	0	0	0	0	0	0	0	0	0	0	0	0	0	0	0	0	0	0	0	0	0	0	0	0	0	0	0	0	0	0	0	0	0	0	0	0	0	0	0	0	0	0	0	0	0	0	0	0	0	0	0	clubb_standalone	for__nml_lex	[Unknown]	0x8ebf90
for_get_fpe_	10500000	0	0	0	0	0	0	0	0	0	0	0	0	0	0	0	0	0	0	0	0	0	0	0	0	0	0	0	0	0	0	0	0	0	0	0	0	0	0	0	0	0	0	0	0	0	0	0	0	0	0	0	0	0	0	0	0	0	0	0	0	0	0	0	0	0	0	0	0	0	0	0	0	0	0	0	0	0	0	0	0	0	0	0	0	0	0	0	0	0	0	0	0	0	0	12214420	0	0	0	0	0	0	0	0	0	0	0	0	0	0	0	0	0	0	0	0	0	0	0	0	0	0	0	0	0	0	0	0	0	0	0	0	0	0	0	0	0	0	0	0	0	0	0	0	0	0	0	0	0	0	clubb_standalone	for_get_fpe_	[Unknown]	0x8ccc10
matrix_solver_wrapper_mp_tridiag_solve_multiple_rhs_lhs_	10500000	10500000	0	0	0	0	0	0	0	0	0	0	0	0	0	0	0	0	0	0	0	0	0	0	0	0	0	0	0	0	0	0	0	0	0	0	0	0	0	0	0	0	0	0	0	0	0	0	0	0	0	0	0	0	0	0	0	0	0	0	0	0	0	0	0	0	0	0	0	0	0	0	0	0	0	0	0	0	0	0	0	0	0	0	0	0	0	0	0	0	0	0	0	0	0	0	0	0	0	0	0	0	0	0	0	0	0	0	0	0	0	0	0	0	0	0	0	0	0	0	0	0	244281456	0	0	0	0	0	0	0	0	0	0	0	0	0	0	0	0	0	0	0	0	0	0	0	122140911	0	0	0	clubb_standalone	matrix_solver_wrapper_mp_tridiag_solve_multiple_rhs_lhs_	[Unknown]	0x6fc8c0
process_allocation_records_deallocate	10500000	0	0	0	0	0	0	0	0	0	0	0	0	0	0	0	0	0	0	0	0	0	0	0	0	0	0	0	0	0	0	0	0	0	0	0	0	0	0	0	0	0	0	0	0	0	0	0	0	0	0	0	0	0	0	0	0	0	0	0	0	0	0	0	0	0	0	0	0	0	0	0	0	0	0	0	0	0	0	0	0	0	0	0	0	0	0	0	0	0	0	0	0	0	0	0	0	0	0	0	0	0	0	0	0	0	0	0	0	0	0	0	0	0	0	0	0	0	0	0	0	0	0	0	0	0	0	0	0	0	0	0	0	0	0	0	0	0	0	0	0	0	0	0	0	0	0	0	0	0	clubb_standalone	process_allocation_records_deallocate	[Unknown]	0x8c1070
sfc_flux_mp_compute_ht_mostr_flux_	10500000	0	0	0	0	0	0	0	0	0	0	0	0	0	0	0	0	0	0	0	0	0	0	0	0	0	0	244281456	0	0	0	0	0	0	0	0	0	0	0	0	0	0	0	0	0	0	0	0	0	12214909	0	0	0	0	0	0	0	0	0	0	0	0	0	0	0	0	0	0	0	0	0	0	0	0	0	0	0	0	0	0	0	0	0	0	0	0	0	0	0	0	0	0	0	0	0	0	0	0	0	0	0	0	0	0	0	0	0	0	0	0	0	0	0	0	0	0	0	0	0	0	0	0	0	0	0	0	0	0	0	0	0	0	0	0	0	0	0	0	0	0	0	0	0	0	0	0	0	0	0	0	clubb_standalone	sfc_flux_mp_compute_ht_mostr_flux_	[Unknown]	0x490fc0
sfc_flux_mp_compute_momentum_flux_	10500000	0	0	0	0	0	0	0	0	0	0	0	0	0	0	0	0	0	0	0	0	0	0	0	0	0	0	0	0	0	0	0	0	0	0	0	0	0	0	0	0	0	0	0	0	0	0	0	0	0	0	0	0	0	0	0	0	0	0	0	0	0	0	0	0	0	0	0	0	0	0	0	0	0	0	0	0	0	0	0	0	0	0	0	0	0	0	0	0	0	0	0	0	0	0	0	0	0	0	0	0	0	0	0	0	0	0	0	0	0	0	0	0	0	0	0	0	0	0	0	0	0	0	0	0	0	0	0	0	0	0	0	0	0	0	0	0	0	0	0	0	0	0	0	0	0	0	0	0	0	clubb_standalone	sfc_flux_mp_compute_momentum_flux_	[Unknown]	0x490e30
strtol	10500000	10500000	0	0	0	0	0	0	0	0	0	0	0	0	0	0	0	0	0	0	0	0	0	0	0	0	0	0	0	0	0	0	0	0	0	0	0	0	0	0	0	0	0	0	0	0	0	0	0	0	0	0	0	0	0	0	0	0	0	0	0	0	0	0	0	0	0	0	0	0	0	0	0	0	0	0	0	0	0	0	122140911	0	0	0	0	0	0	0	0	0	0	0	0	0	0	0	0	0	0	0	0	0	0	0	0	0	0	0	0	0	0	0	0	0	0	0	0	0	0	0	0	0	0	0	0	0	0	0	0	0	0	0	0	0	0	0	0	0	0	0	0	0	0	0	0	0	0	0	0	0	libc-2.31.so	strtol	[Unknown]	0x4ff6e
__GI___tunables_init	0	0	10500000	0	0	0	0	0	0	0	0	0	0	0	0	0	0	0	0	0	0	0	0	0	0	0	0	0	0	0	0	0	0	0	0	0	0	0	0	0	0	0	0	0	0	0	0	0	0	0	0	0	0	0	0	0	0	0	0	0	0	0	0	0	0	0	0	0	0	0	0	0	0	0	0	0	0	0	0	0	0	0	0	0	0	0	0	0	0	0	0	0	0	0	0	0	0	0	0	0	0	0	0	0	0	0	0	0	0	0	0	0	0	0	0	0	0	0	0	0	0	0	0	0	0	0	0	0	0	0	0	0	0	0	0	0	0	0	0	0	0	0	0	0	0	0	0	0	0	0	ld-2.31.so	__GI___tunables_init	[Unknown]	0x1951e
__ctype_b_loc	0	10500000	0	0	0	0	0	0	0	0	0	0	0	0	0	0	0	0	0	0	0	0	0	0	0	0	0	0	0	0	0	0	0	0	0	0	0	0	0	0	0	0	0	0	0	0	0	0	0	0	0	0	0	0	0	0	0	0	0	0	0	0	0	0	0	0	0	0	0	0	0	0	0	0	0	0	0	0	0	0	122140911	0	0	0	0	0	0	0	0	0	0	0	0	0	0	0	0	0	0	0	0	0	0	0	0	0	0	0	0	0	0	0	0	0	0	0	0	0	0	0	0	0	0	0	0	0	0	0	0	0	0	0	0	0	0	0	0	0	0	0	0	0	0	0	0	0	0	0	0	0	libc-2.31.so	__ctype_b_loc	[Unknown]	0x433ae
__intel_avx_rep_memcpy	0	0	0	0	0	0	0	12214420	0	0	0	0	0	0	0	0	0	0	0	0	0	0	0	0	0	0	0	0	0	0	0	0	0	0	0	0	0	0	0	0	0	0	0	0	0	0	0	0	0	0	0	0	0	0	0	0	0	0	0	0	0	0	0	0	0	0	0	0	0	0	0	0	0	0	0	0	0	0	0	0	0	0	0	0	0	0	0	0	0	0	0	0	0	0	0	0	0	0	0	0	0	0	0	0	0	0	0	0	0	0	0	0	0	0	0	0	0	0	0	0	0	0	0	0	0	0	0	0	0	0	0	0	0	0	0	0	0	0	0	0	0	0	0	0	0	0	0	0	0	0	clubb_standalone	__intel_avx_rep_memcpy	[Unknown]	0x95cd50
__svml_erf4	0	0	0	0	0	0	0	0	0	0	0	0	0	0	0	0	0	0	0	0	0	0	0	0	0	0	0	0	0	0	0	0	0	0	0	0	0	0	0	0	0	0	0	0	122140911	0	0	0	0	0	0	0	0	0	0	0	0	0	0	0	0	0	0	0	0	0	0	0	0	0	0	0	0	0	0	0	0	0	0	0	0	0	0	0	0	0	0	0	0	0	0	0	0	0	0	0	0	0	0	0	0	0	0	0	0	0	0	0	0	0	0	0	0	0	0	0	122140911	0	0	0	0	0	0	0	0	0	0	0	0	0	0	0	0	0	0	0	0	0	0	0	0	0	0	0	0	0	0	0	0	0	clubb_standalone	__svml_erf4	[Unknown]	0x94b9b0
_dl_lookup_symbol_x	0	10500000	0	0	0	0	0	0	0	0	0	0	0	0	0	0	0	0	0	0	0	0	0	0	0	0	0	0	0	0	0	0	0	0	0	0	0	0	0	0	0	0	0	0	0	0	0	0	0	0	0	0	0	0	0	0	0	0	0	0	0	0	0	0	0	0	0	0	0	0	0	0	0	0	0	0	0	0	0	0	0	0	0	0	0	0	0	0	0	0	0	0	0	0	0	0	0	0	0	0	0	0	0	0	0	0	0	0	0	0	0	0	0	0	0	0	0	0	0	0	0	0	0	0	0	0	0	0	0	0	0	0	0	0	0	0	0	0	0	0	0	0	0	0	0	0	0	0	0	0	ld-2.31.so	_dl_lookup_symbol_x	[Unknown]	0xbd6e
_dl_relocate_object	0	10500000	0	50000016	0	0	0	0	0	0	0	0	0	0	0	0	0	0	0	0	0	0	0	0	0	0	0	0	0	0	0	0	0	0	0	0	0	0	0	0	0	0	0	0	0	0	0	0	0	0	0	0	0	0	0	0	0	0	0	0	0	0	0	0	0	0	0	0	0	0	0	0	0	0	0	0	0	0	0	0	0	0	0	0	0	0	0	0	0	0	0	0	0	0	0	0	0	0	0	0	0	0	0	0	0	0	0	0	0	0	0	0	0	0	0	0	0	0	0	0	0	0	0	0	0	0	0	0	0	0	0	0	0	0	0	0	0	0	0	0	0	0	0	0	0	0	0	0	0	0	ld-2.31.so	_dl_relocate_object	[Unknown]	0xd5ae
_int_malloc	0	0	0	0	0	0	0	0	0	0	0	252000000	0	0	12214420	0	0	0	0	0	0	0	0	0	0	0	0	0	0	0	0	0	0	0	0	0	0	0	0	0	0	0	0	0	0	0	0	0	0	0	0	0	0	0	0	0	0	0	0	0	0	0	0	0	0	0	0	0	0	0	0	0	0	0	0	0	0	0	0	0	0	0	0	0	0	0	0	0	0	0	0	0	0	0	0	0	0	0	0	0	0	0	0	0	0	0	0	0	0	0	0	0	0	0	0	0	0	0	0	0	0	0	0	0	0	0	0	0	0	0	0	0	0	0	0	0	0	0	0	0	0	0	0	0	0	0	0	0	0	0	libc-2.31.so	_int_malloc	[Unknown]	0x9b7ae
_intel_fast_memset	0	0	0	0	0	0	0	0	0	0	0	0	0	0	0	0	0	0	0	0	0	0	0	0	0	0	0	0	0	0	0	0	0	0	0	0	0	0	0	0	0	0	0	0	0	0	0	0	0	0	0	0	0	0	0	0	0	0	0	0	0	0	0	0	0	0	0	0	0	0	0	0	0	0	0	0	0	0	0	0	0	0	0	0	0	0	0	0	0	0	0	0	0	0	0	12214420	0	0	0	0	0	0	0	0	0	0	0	0	0	0	0	0	0	0	0	0	0	0	0	0	0	0	0	0	0	0	0	0	0	0	0	0	0	0	0	0	0	0	0	0	0	0	0	0	0	0	0	0	0	0	clubb_standalone	_intel_fast_memset	[Unknown]	0x952860
adg1_adg2_3d_luhar_pdf_mp_adg1_pdf_driver_	0	31500000	0	0	0	0	0	0	0	0	0	0	0	0	0	0	0	0	0	0	0	0	0	0	0	0	0	0	0	0	0	0	0	0	0	0	0	0	0	0	0	0	0	0	0	0	0	0	0	0	0	0	0	0	0	0	0	0	0	0	0	0	0	0	0	0	0	0	0	0	0	0	0	0	0	0	0	0	0	0	0	0	0	0	0	0	0	0	0	0	0	0	0	0	0	0	0	0	0	0	0	0	0	0	0	0	0	0	0	0	0	0	0	0	0	0	0	0	0	0	0	0	0	0	0	0	0	0	0	0	0	0	0	0	0	0	0	0	0	0	0	0	0	0	0	0	0	0	0	0	clubb_standalone	adg1_adg2_3d_luhar_pdf_mp_adg1_pdf_driver_	[Unknown]	0x66a620
arm_mp_arm_sfclyr_	0	10500000	0	0	0	0	0	0	0	0	0	0	0	0	0	0	0	0	0	0	0	0	0	0	0	0	0	0	0	0	0	0	0	0	0	0	122140911	0	0	0	0	0	0	0	0	0	0	0	0	0	0	0	0	0	0	0	0	0	0	0	0	0	0	0	0	0	0	0	0	0	0	0	0	0	0	0	0	0	0	0	0	0	0	0	0	0	0	0	0	0	0	0	0	0	0	0	0	0	0	0	0	0	0	0	0	0	0	0	0	0	0	0	0	0	0	0	0	0	0	0	0	0	0	0	0	0	0	0	0	0	0	0	0	0	0	0	0	0	0	0	0	0	0	0	0	0	0	0	0	0	clubb_standalone	arm_mp_arm_sfclyr_	[Unknown]	0x4dabc0
clip_explicit_mp_clip_skewness_	0	0	0	0	0	0	0	0	0	0	0	0	0	0	0	0	0	0	0	0	0	0	0	0	0	0	0	0	0	0	0	0	0	0	0	0	0	0	0	0	0	0	0	0	0	0	0	0	0	0	0	0	0	0	0	0	0	0	0	0	0	0	0	0	0	0	0	0	0	0	0	0	0	0	0	0	0	0	0	0	122140911	0	0	0	0	0	0	0	0	0	0	0	0	0	0	0	0	0	0	0	0	0	0	0	0	0	0	0	0	0	0	0	0	0	0	0	0	0	0	0	0	0	0	0	0	0	0	0	0	0	0	0	0	0	0	0	0	0	0	0	0	0	0	0	0	0	0	0	0	0	clubb_standalone	clip_explicit_mp_clip_skewness_	[Unknown]	0x749f80
cvt_text_to_ieee_t_ex	0	0	0	50000016	0	0	0	0	0	0	0	0	0	0	0	0	0	0	0	0	0	0	0	0	0	0	0	0	0	0	0	0	0	0	0	0	0	0	0	0	0	0	0	0	0	0	0	0	0	0	0	0	0	0	0	0	0	0	0	0	0	0	0	0	0	0	0	0	0	0	0	0	0	0	0	0	0	0	0	0	0	0	0	0	0	0	0	0	0	0	0	0	0	0	0	0	0	0	0	0	0	0	0	0	0	0	0	0	0	0	0	0	0	0	0	0	0	0	0	0	0	0	0	0	0	0	0	0	0	0	0	0	0	0	0	0	0	0	0	0	0	0	0	0	0	0	0	0	0	0	clubb_standalone	cvt_text_to_ieee_t_ex	[Unknown]	0x92fc10
for_dealloc_all_nocheck	0	0	0	0	0	0	0	0	0	0	0	0	0	0	0	0	0	0	0	0	24428475	0	0	0	0	0	0	0	0	0	0	0	0	0	0	0	0	0	0	0	0	0	0	0	0	0	0	0	0	0	0	0	0	0	0	0	0	0	0	0	0	0	0	0	0	0	0	0	0	0	0	0	0	0	0	0	0	0	0	0	0	0	0	0	0	0	0	0	0	0	0	0	0	0	0	0	0	0	0	0	0	0	0	0	0	0	0	0	0	0	0	0	0	0	0	0	0	0	0	0	0	0	0	0	0	0	0	0	0	0	0	0	0	0	0	0	0	0	0	0	0	0	0	0	0	0	0	0	0	0	clubb_standalone	for_dealloc_all_nocheck	[Unknown]	0x8c04a0
for_read_seq_lis_xmit	0	0	0	0	0	0	0	0	0	0	0	0	0	0	0	0	0	0	0	48857317	0	0	0	0	0	0	0	0	0	0	0	0	0	0	0	0	0	0	0	0	0	0	0	0	0	0	0	0	0	0	0	0	0	0	0	0	0	0	0	0	0	0	0	0	0	0	0	0	0	0	0	0	0	0	0	0	0	0	0	0	0	0	0	0	0	0	0	0	0	0	0	0	0	0	0	0	0	0	0	0	0	0	0	0	0	0	0	0	0	0	0	0	0	0	0	0	0	0	0	0	0	0	0	0	0	0	0	0	0	0	0	0	0	0	0	0	0	0	0	0	0	0	0	0	0	0	0	0	0	0	clubb_standalone	for_read_seq_lis_xmit	[Unknown]	0x8e75b0
for_set_fpe_	0	0	0	0	0	0	0	0	0	0	0	0	0	0	0	0	0	0	0	0	0	0	0	0	0	0	0	0	0	0	0	0	0	0	0	0	0	0	0	0	0	0	0	0	0	0	0	0	0	12214909	0	0	0	0	0	0	0	0	0	0	0	0	0	0	0	0	0	0	0	0	0	0	0	0	0	0	0	0	0	0	0	0	0	0	0	0	0	0	0	0	0	0	0	0	0	0	0	0	0	0	0	0	0	0	0	0	0	0	0	0	0	0	0	0	0	0	0	0	0	0	0	0	0	0	0	0	0	0	0	0	0	0	0	0	0	0	0	0	0	0	0	0	0	0	0	0	0	0	0	0	clubb_standalone	for_set_fpe_	[Unknown]	0x8ccc40
func@0x412bc0	0	10500000	0	0	0	0	0	0	0	0	0	0	0	0	0	0	0	0	0	0	0	0	0	0	0	0	0	0	0	0	0	0	0	0	0	0	0	0	0	0	0	0	0	0	0	0	0	0	0	0	0	0	0	0	0	0	0	0	0	0	0	0	0	0	0	0	0	0	0	0	0	0	0	0	0	0	0	0	0	0	0	0	0	0	0	0	0	0	0	0	0	0	0	0	0	0	0	0	0	0	0	0	0	0	0	0	0	0	0	0	0	0	0	0	0	0	0	0	0	0	0	0	0	0	0	0	0	0	0	0	0	0	0	0	0	0	0	0	0	0	0	0	0	0	0	0	0	0	0	0	clubb_standalone	func@0x412bc0	[Unknown]	0x412bc0
grid_class_mp_redirect_interpolated_azm_2d_	0	0	10500000	0	0	0	0	0	0	0	0	0	0	0	0	0	0	0	0	0	0	0	0	0	0	0	0	0	0	0	0	0	0	0	0	0	0	0	0	0	0	0	0	0	0	0	0	0	0	0	0	0	0	0	0	0	0	0	0	0	0	0	0	0	0	0	0	0	0	0	0	0	0	0	0	0	0	0	0	0	0	0	0	0	0	0	0	0	0	0	0	0	0	0	0	0	0	0	0	0	0	0	0	0	0	0	0	0	0	0	0	0	0	0	0	0	0	0	0	0	0	0	0	0	0	0	0	0	0	0	0	0	0	0	0	0	0	0	0	0	0	0	0	0	0	0	0	0	0	0	clubb_standalone	grid_class_mp_redirect_interpolated_azm_2d_	[Unknown]	0x7fc000
pdf_parameter_module_mp_init_pdf_implicit_coefs_terms_	0	0	10500000	0	0	0	0	0	0	0	0	0	0	0	0	0	0	0	0	0	0	0	0	0	0	0	0	0	0	0	0	0	0	0	0	0	0	0	0	0	0	0	0	0	0	0	0	0	0	0	0	0	0	0	0	0	0	0	0	0	0	0	0	0	0	0	0	0	0	0	0	0	0	0	0	0	0	0	0	0	0	0	0	0	0	0	0	0	0	0	0	0	0	0	0	0	0	0	0	0	0	0	0	0	0	0	0	0	0	0	0	0	0	0	0	0	0	0	0	0	0	0	0	0	0	0	0	0	0	0	0	0	0	0	0	0	0	0	0	0	0	0	0	0	0	0	0	0	0	0	clubb_standalone	pdf_parameter_module_mp_init_pdf_implicit_coefs_terms_	[Unknown]	0x680090
pow	0	10500000	0	0	0	0	0	0	0	0	0	0	0	0	0	0	0	0	0	0	0	0	0	0	0	0	0	0	0	0	0	0	0	0	0	0	0	0	0	0	0	0	0	0	0	0	0	0	0	0	0	0	0	0	0	0	0	0	0	0	0	0	0	0	0	0	0	0	0	0	0	0	0	0	0	0	0	0	0	0	0	0	0	0	0	0	0	0	0	0	0	0	0	0	0	0	0	0	0	0	0	0	0	0	0	0	0	0	0	0	0	0	0	0	0	0	0	0	0	0	0	0	0	0	0	0	0	0	0	0	0	0	0	0	0	0	0	0	0	0	0	0	0	0	0	0	0	0	0	0	libimf.so	pow	[Unknown]	0x24d1d0
time_dependent_input_mp_time_select_	0	10500000	0	0	0	0	0	0	0	0	0	0	0	0	0	0	0	0	0	0	0	0	0	0	0	0	0	0	0	0	0	0	0	0	0	0	0	0	0	0	0	0	0	0	0	0	0	0	0	0	0	0	0	0	0	0	0	0	0	0	0	0	0	0	0	0	0	0	0	0	0	0	0	0	0	0	0	0	0	0	122140911	0	0	0	0	0	0	0	0	0	0	0	0	0	0	0	0	0	0	0	0	0	0	0	0	0	0	0	0	0	0	0	0	0	0	0	0	0	0	0	0	0	0	0	0	0	0	0	0	0	0	0	0	0	0	0	0	0	0	0	0	0	0	0	0	0	0	0	0	0	clubb_standalone	time_dependent_input_mp_time_select_	[Unknown]	0x4b6310
